address,price,date,bedrooms,bathrooms,parking_spaces,land_size,land_size_unit,propertyType,url,houseFeatures,schoolsDistance,schoolsCount,salesHistory,heating,air_con,internal_laundry,built_in_wardrobes,secure_parking,study,close_to_shops,close_to_transport,close_to_schools,split_system,fully_fenced,solar_panels,dishwasher,garage,alarm,garden,deck,balcony,pool,spa
132-gordon-street-balwyn-vic-3103,2450000,09-Oct-2021,2,1,2,759,m2,House,https://www.domain.com.au/132-gordon-street-balwyn-vic-3103-2017171659,,0.7-1.2-4.7,3,Oct/2021/2450000.0/SOLD,0,0,0,0,0,0,0,0,0,0,0,0,0,0,0,0,0,0,0,0
14-tivey-parade-balwyn-vic-3103,1180000,27-Jan-2021,2,1,1,291,m2,House,https://www.domain.com.au/14-tivey-parade-balwyn-vic-3103-2016702136,,0.8-1-4.5,3,Jan/2021/1180000.0/SOLD-Feb/2018/1125000.0/SOLD,0,0,0,0,0,0,0,0,0,0,0,0,0,0,0,0,0,0,0,0
334-union-road-balwyn-vic-3103,1680000,18-Dec-2020,2,1,1,724,m2,House,https://www.domain.com.au/334-union-road-balwyn-vic-3103-2016626722,,0.7-1-1.4,3,Dec/2020/1680000.0/SOLD,0,0,0,0,0,0,0,0,0,0,0,0,0,0,0,0,0,0,0,0
27-narrak-road-balwyn-vic-3103,1905000,12-Dec-2020,2,1,1,643,m2,House,https://www.domain.com.au/27-narrak-road-balwyn-vic-3103-2016643406,Air conditioning*-Built in wardrobes*-Secure Parking*-Heating*-Garden*,0.7-1.5-2.2,3,Dec/2020/1905000.0/SOLD-Jun/1997/210000.0/SOLD,1,1,0,1,1,0,0,0,0,0,0,0,0,0,0,1,0,0,0,0
14a-austin-street-balwyn-vic-3103,1300000,04-Jul-2020,2,1,1,412,m2,House,https://www.domain.com.au/14a-austin-street-balwyn-vic-3103-2016305464,,0.6-1.4-5,3,,0,0,0,0,0,0,0,0,0,0,0,0,0,0,0,0,0,0,0,0
20-yonga-road-balwyn-vic-3103,1500000,28-Feb-2020,2,1,1,486,m2,House,https://www.domain.com.au/20-yonga-road-balwyn-vic-3103-2015909416,,0.7-1.5-2.2,3,Feb/2020/1500000.0/SOLD-Jul/2018/1421000.0/SOLD,0,0,0,0,0,0,0,0,0,0,0,0,0,0,0,0,0,0,0,0
29-kalimna-street-balwyn-vic-3103,1163000,12-May-2018,2,1,2,274,m2,House,https://www.domain.com.au/29-kalimna-street-balwyn-vic-3103-2014315795,,0.6-1.3-4.7,3,May/2018/1163000.0/SOLD,0,0,0,0,0,0,0,0,0,0,0,0,0,0,0,0,0,0,0,0
59-yarrbat-avenue-balwyn-vic-3103,2407000,05-May-2018,2,2,2,762,m2,House,https://www.domain.com.au/59-yarrbat-avenue-balwyn-vic-3103-2014299628,,0.9-1.7-4.3,3,May/2018/2407000.0/SOLD,0,0,0,0,0,0,0,0,0,0,0,0,0,0,0,0,0,0,0,0
1/2a-parring-road-balwyn-vic-3103,1010000,10-Feb-2018,2,1,2,242,m2,Villa,https://www.domain.com.au/1-2a-parring-road-balwyn-vic-3103-2013942254,,0.4-1.9-2.1,3,,0,0,0,0,0,0,0,0,0,0,0,0,0,0,0,0,0,0,0,0
15-northcote-avenue-balwyn-vic-3103,1710000,16-Dec-2017,2,1,2,627,m2,House,https://www.domain.com.au/15-northcote-avenue-balwyn-vic-3103-2014024085,,0.5-1.5-1.9,3,Mar/2018/1600000.0/SOLD,0,0,0,0,0,0,0,0,0,0,0,0,0,0,0,0,0,0,0,0
98a-balwyn-road-balwyn-vic-3103,1050000,07-Dec-2017,2,1,1,492,m2,House,https://www.domain.com.au/98a-balwyn-road-balwyn-vic-3103-2013954571,,0.2-1.6-4.8,3,Dec/2017/1050000.0/SOLD,0,0,0,0,0,0,0,0,0,0,0,0,0,0,0,0,0,0,0,0
11-grey-street-balwyn-vic-3103,2330000,20-Nov-2017,2,1,1,862,m2,House,https://www.domain.com.au/11-grey-street-balwyn-vic-3103-2013953288,,0.4-1.3-5.1,3,Nov/2017/2330000.0/SOLD,0,0,0,0,0,0,0,0,0,0,0,0,0,0,0,0,0,0,0,0
19-terry-street-balwyn-vic-3103,1610000,01-Apr-2017,2,1,-1,375,m2,House,https://www.domain.com.au/19-terry-street-balwyn-vic-3103-2013437000,,0.7-1.4-5.2,3,,0,0,0,0,0,0,0,0,0,0,0,0,0,0,0,0,0,0,0,0
59-narrak-road-balwyn-vic-3103,1900000,06-Aug-2016,2,1,1,952,m2,House,https://www.domain.com.au/59-narrak-road-balwyn-vic-3103-2012917737,,0.7-1.4-2,3,Aug/2016/1900000.0/SOLD-Sep/2014/1700000.0/SOLD,0,0,0,0,0,0,0,0,0,0,0,0,0,0,0,0,0,0,0,0
44-birdwood-street-balwyn-vic-3103,1810000,10-Oct-2015,2,1,1,658,m2,House,https://www.domain.com.au/44-birdwood-street-balwyn-vic-3103-2012254528,,0.8-1.1-4.8,3,Oct/2015/1810000.0/SOLD,0,0,0,0,0,0,0,0,0,0,0,0,0,0,0,0,0,0,0,0
124-belmore-road-balwyn-vic-3103,770000,08-Aug-2015,2,1,2,322,m2,House,https://www.domain.com.au/124-belmore-road-balwyn-vic-3103-2012110552,,0.6-0.7-4.1,3,Apr/2016/450.0/SOLD,0,0,0,0,0,0,0,0,0,0,0,0,0,0,0,0,0,0,0,0
98-rochester-road-balwyn-vic-3103,2700000,20-Jun-2015,2,1,2,975,m2,House,https://www.domain.com.au/98-rochester-road-balwyn-vic-3103-2011984695,,0.2-1.2-1.9,3,Jun/2015/370.0/SOLD,0,0,0,0,0,0,0,0,0,0,0,0,0,0,0,0,0,0,0,0
6-tonkin-avenue-balwyn-vic-3103,2065000,16-May-2015,2,1,1,696,m2,House,https://www.domain.com.au/6-tonkin-avenue-balwyn-vic-3103-2011929397,,1-1.2-4.1,3,Sep/2016/2150000.0/SOLD-May/2015/2065000.0/SOLD,0,0,0,0,0,0,0,0,0,0,0,0,0,0,0,0,0,0,0,0
1-shrimpton-court-balwyn-vic-3103,1000000,14-Mar-2015,2,1,2,579,m2,House,https://www.domain.com.au/1-shrimpton-court-balwyn-vic-3103-2011770493,,0.4-0.9-1.5,3,Mar/2015/1000000.0/SOLD,0,0,0,0,0,0,0,0,0,0,0,0,0,0,0,0,0,0,0,0
59-narrak-road-balwyn-vic-3103,1700000,13-Sep-2014,2,1,1,952,m2,House,https://www.domain.com.au/59-narrak-road-balwyn-vic-3103-2011371003,,0.7-1.4-2,3,Aug/2016/1900000.0/SOLD-Sep/2014/1700000.0/SOLD,0,0,0,0,0,0,0,0,0,0,0,0,0,0,0,0,0,0,0,0
30-monash-avenue-balwyn-vic-3103,1700000,28-Jun-2014,2,1,2,668,m2,House,https://www.domain.com.au/30-monash-avenue-balwyn-vic-3103-2011214976,,1-1-4.7,3,May/2017/4308000.0/SOLD-Jun/2014/1700000.0/SOLD,0,0,0,0,0,0,0,0,0,0,0,0,0,0,0,0,0,0,0,0
3-beckett-street-balwyn-vic-3103,1601000,15-Feb-2014,2,1,2,740,m2,House,https://www.domain.com.au/3-beckett-street-balwyn-vic-3103-2010935374,,0.9-1.8-4.2,3,Feb/2014/580.0/SOLD,0,0,0,0,0,0,0,0,0,0,0,0,0,0,0,0,0,0,0,0
3-henley-street-balwyn-vic-3103,1750000,21-Sep-2013,2,1,1,845,m2,House,https://www.domain.com.au/3-henley-street-balwyn-vic-3103-2010668937,,1-1-4.6,3,Mar/2015/2650000.0/SOLD-Sep/2013/1750000.0/SOLD,0,0,0,0,0,0,0,0,0,0,0,0,0,0,0,0,0,0,0,0
13-head-street-balwyn-vic-3103,1203000,03-Aug-2013,2,1,1,743,m2,House,https://www.domain.com.au/13-head-street-balwyn-vic-3103-2010548766,,0.8-0.8-4.8,3,Aug/2013/1203000.0/SOLD-Dec/1983/65000.0/SOLD-Oct/1980/35000.0/SOLD,0,0,0,0,0,0,0,0,0,0,0,0,0,0,0,0,0,0,0,0
59-fitzgerald-street-balwyn-vic-3103,1015000,29-Jun-2013,2,1,2,721,m2,House,https://www.domain.com.au/59-fitzgerald-street-balwyn-vic-3103-2010503389,,0.6-1.1-1.4,3,Mar/2016/3588000.0/SOLD-Jun/2013/1014999.9999999999/SOLD,0,0,0,0,0,0,0,0,0,0,0,0,0,0,0,0,0,0,0,0
21-stroud-street-balwyn-vic-3103,936000,22-Jun-2013,2,1,-1,585,m2,House,https://www.domain.com.au/21-stroud-street-balwyn-vic-3103-2010481239,,0.6-0.8-4.2,3,Jun/2013/430.0/SOLD,0,0,0,0,0,0,0,0,0,0,0,0,0,0,0,0,0,0,0,0
5a-northcote-avenue-balwyn-vic-3103,872000,23-Jun-2012,2,1,2,509,m2,House,https://www.domain.com.au/5a-northcote-avenue-balwyn-vic-3103-2009723146,,0.5-1.4-1.8,3,Jun/2012/872000.0/SOLD,0,0,0,0,0,0,0,0,0,0,0,0,0,0,0,0,0,0,0,0
2/8-john-street-balwyn-vic-3103,650000,18-Mar-2010,2,1,1,121,m2,House,https://www.domain.com.au/2-8-john-street-balwyn-vic-3103-2008237682,,0.4-1.5-5,3,,0,0,0,0,0,0,0,0,0,0,0,0,0,0,0,0,0,0,0,0
19-clapham-street-balwyn-vic-3103,2780000,10-Nov-2021,3,1,1,1010,m2,House,https://www.domain.com.au/19-clapham-street-balwyn-vic-3103-2017355489,,0.4-1.3-1.9,3,Nov/2021/2780000.0/SOLD,0,0,0,0,0,0,0,0,0,0,0,0,0,0,0,0,0,0,0,0
25-abercrombie-street-balwyn-vic-3103,2020000,28-Oct-2021,3,3,2,308,m2,House,https://www.domain.com.au/25-abercrombie-street-balwyn-vic-3103-2017297939,Ensuite,0.3-1.5-5.3,3,,0,0,0,0,0,0,0,0,0,0,0,0,0,0,0,0,0,0,0,0
8-conway-crescent-balwyn-vic-3103,2280000,20-Jun-2021,3,1,2,645,m2,House,https://www.domain.com.au/8-conway-crescent-balwyn-vic-3103-2017042420,,0.5-1.5-2.1,3,Jun/2021/2280000.0/SOLD-Mar/2018/600.0/SOLD,0,0,0,0,0,0,0,0,0,0,0,0,0,0,0,0,0,0,0,0
13-mangan-street-balwyn-vic-3103,3381000,17-Apr-2021,3,2,2,1011,m2,House,https://www.domain.com.au/13-mangan-street-balwyn-vic-3103-2016886502,,0.3-1.6-4.8,3,Apr/2021/495.0/SOLD,0,0,0,0,0,0,0,0,0,0,0,0,0,0,0,0,0,0,0,0
153-balwyn-road-balwyn-vic-3103,1755000,17-Apr-2021,3,1,2,617,m2,House,https://www.domain.com.au/153-balwyn-road-balwyn-vic-3103-2016888692,,0.8-1.1-4.3,3,Apr/2021/1755000.0/SOLD,0,0,0,0,0,0,0,0,0,0,0,0,0,0,0,0,0,0,0,0
21-winmalee-road-balwyn-vic-3103,2603000,20-Mar-2021,3,1,1,650,m2,House,https://www.domain.com.au/21-winmalee-road-balwyn-vic-3103-2016802260,,0.9-1.3-4.2,3,Mar/2021/2603000.0/SOLD,0,0,0,0,0,0,0,0,0,0,0,0,0,0,0,0,0,0,0,0
23-banool-road-balwyn-vic-3103,2100000,06-Feb-2021,3,1,1,624,m2,House,https://www.domain.com.au/23-banool-road-balwyn-vic-3103-2016718431,Garden*-Close to schools-Close to shops-Close to transport,0.4-1.8-2.2,3,Feb/2021/2100000.0/SOLD,0,0,0,0,0,0,1,1,1,0,0,0,0,0,0,1,0,0,0,0
21-sevenoaks-street-balwyn-vic-3103,2510000,28-Nov-2020,3,1,1,806,m2,House,https://www.domain.com.au/21-sevenoaks-street-balwyn-vic-3103-2016598380,,0.9-1-4.5,3,Nov/2020/2510000.0/SOLD,0,0,0,0,0,0,0,0,0,0,0,0,0,0,0,0,0,0,0,0
7-parkdale-avenue-balwyn-vic-3103,2001000,07-Nov-2020,3,1,2,650,m2,House,https://www.domain.com.au/7-parkdale-avenue-balwyn-vic-3103-2016535127,,0.9-1.7-4.2,3,Nov/2020/2001000.0/SOLD,0,0,0,0,0,0,0,0,0,0,0,0,0,0,0,0,0,0,0,0
84-yerrin-street-balwyn-vic-3103,1801000,08-Jul-2020,3,1,2,731,m2,House,https://www.domain.com.au/84-yerrin-street-balwyn-vic-3103-2016325528,,1-1.1-4,3,Jul/2020/490.0/SOLD,0,0,0,0,0,0,0,0,0,0,0,0,0,0,0,0,0,0,0,0
8-alandale-avenue-balwyn-vic-3103,2080000,25-Jun-2020,3,2,1,725,m2,House,https://www.domain.com.au/8-alandale-avenue-balwyn-vic-3103-2016304211,,0.9-1.2-4,3,Jun/2020/2080000.0/SOLD,0,0,0,0,0,0,0,0,0,0,0,0,0,0,0,0,0,0,0,0
16-frederick-street-balwyn-vic-3103,1925000,15-Jun-2020,3,1,2,623,m2,House,https://www.domain.com.au/16-frederick-street-balwyn-vic-3103-2016282615,,0.8-1.1-4.4,3,Jun/2020/1925000.0/SOLD-Apr/2005/320.0/SOLD,0,0,0,0,0,0,0,0,0,0,0,0,0,0,0,0,0,0,0,0
102-rochester-road-balwyn-vic-3103,2232000,23-May-2020,3,1,2,783,m2,House,https://www.domain.com.au/102-rochester-road-balwyn-vic-3103-2016248592,,0.2-1.2-1.9,3,May/2020/2232000.0/SOLD,0,0,0,0,0,0,0,0,0,0,0,0,0,0,0,0,0,0,0,0
12-burroughs-road-balwyn-vic-3103,2260000,07-Mar-2020,3,1,1,743,m2,House,https://www.domain.com.au/12-burroughs-road-balwyn-vic-3103-2016077098,,0.6-1.6-1.8,3,Mar/2020/470.0/SOLD,0,0,0,0,0,0,0,0,0,0,0,0,0,0,0,0,0,0,0,0
54-birdwood-street-balwyn-vic-3103,2250000,29-Feb-2020,3,1,2,661,m2,House,https://www.domain.com.au/54-birdwood-street-balwyn-vic-3103-2016055464,,0.8-1-4.7,3,Feb/2020/550.0/SOLD,0,0,0,0,0,0,0,0,0,0,0,0,0,0,0,0,0,0,0,0
20-clayton-road-balwyn-vic-3103,2020000,22-Feb-2020,3,1,3,674,m2,House,https://www.domain.com.au/20-clayton-road-balwyn-vic-3103-2016054307,,0.6-1.6-1.8,3,Feb/2020/2020000.0/SOLD-May/1985/89000.0/SOLD,0,0,0,0,0,0,0,0,0,0,0,0,0,0,0,0,0,0,0,0
9-salford-avenue-balwyn-vic-3103,3115000,07-Dec-2019,3,2,2,809,m2,House,https://www.domain.com.au/9-salford-avenue-balwyn-vic-3103-2015858565,,0.4-0.8-1.6,3,Dec/2019/800.0/SOLD-Mar/2006/3115000.0/SOLD,0,0,0,0,0,0,0,0,0,0,0,0,0,0,0,0,0,0,0,0
1a-woods-street-balwyn-vic-3103,1371000,30-Nov-2019,3,2,2,267,m2,House,https://www.domain.com.au/1a-woods-street-balwyn-vic-3103-2015827817,,0.8-1.2-3.9,3,Nov/2019/650.0/SOLD,0,0,0,0,0,0,0,0,0,0,0,0,0,0,0,0,0,0,0,0
2-delfi-court-balwyn-vic-3103,1999999,15-Nov-2019,3,2,2,667,m2,House,https://www.domain.com.au/2-delfi-court-balwyn-vic-3103-2015857864,,0.8-1.5-4.3,3,Nov/2019/1999999.0/SOLD-Sep/1997/425000.0/SOLD-May/1985/79000.0/SOLD,0,0,0,0,0,0,0,0,0,0,0,0,0,0,0,0,0,0,0,0
10-freeman-street-balwyn-vic-3103,2370000,09-Nov-2019,3,1,2,717,m2,House,https://www.domain.com.au/10-freeman-street-balwyn-vic-3103-2015776461,,0.9-1.1-4.7,3,Nov/2019/2370000.0/SOLD,0,0,0,0,0,0,0,0,0,0,0,0,0,0,0,0,0,0,0,0
29-austin-street-balwyn-vic-3103,1425000,30-Oct-2019,3,2,2,369,m2,House,https://www.domain.com.au/29-austin-street-balwyn-vic-3103-2015452358,,0.7-1.3-4.9,3,Oct/2019/1425000.0/SOLD,0,0,0,0,0,0,0,0,0,0,0,0,0,0,0,0,0,0,0,0
254-belmore-road-balwyn-vic-3103,1666000,14-Sep-2019,3,2,4,778,m2,House,https://www.domain.com.au/254-belmore-road-balwyn-vic-3103-2015538516,,0.4-1.6-3.8,3,Jun/2021/2069999.9999999998/SOLD-Sep/2019/1660000.0/SOLD,0,0,0,0,0,0,0,0,0,0,0,0,0,0,0,0,0,0,0,0
178-whitehorse-road-balwyn-vic-3103,1015000,07-Jun-2019,3,1,3,461,m2,House,https://www.domain.com.au/178-whitehorse-road-balwyn-vic-3103-2015244801,,0.6-0.9-2,3,Jun/2021/1575000.0/SOLD-Jun/2019/1014999.9999999999/SOLD-Sep/2014/782000.0/SOLD,0,0,0,0,0,0,0,0,0,0,0,0,0,0,0,0,0,0,0,0
37-gordon-street-balwyn-vic-3103,1285000,30-Apr-2019,3,2,2,425,m2,House,https://www.domain.com.au/37-gordon-street-balwyn-vic-3103-2014984987,Internal Laundry-Dishwasher-Study-Fully fenced-Garden / Courtyard,0.4-1.4-5.2,3,Apr/2019/1285000.0/SOLD-May/2004/590500.0/SOLD-Apr/1994/343000.0/SOLD,0,0,1,0,0,1,0,0,0,0,1,0,1,0,0,1,0,0,0,0
4-carrigal-street-balwyn-vic-3103,1450000,23-Feb-2019,3,3,2,725,m2,House,https://www.domain.com.au/4-carrigal-street-balwyn-vic-3103-2014891903,,0.5-1.2-1.5,3,Feb/2019/550.0/SOLD,0,0,0,0,0,0,0,0,0,0,0,0,0,0,0,0,0,0,0,0
40-jurang-street-balwyn-vic-3103,1605000,15-Dec-2018,3,2,2,499,m2,House,https://www.domain.com.au/40-jurang-street-balwyn-vic-3103-2014797578,,0.6-1.7-4.6,3,Dec/2018/1605000.0/SOLD-Jun/2012/1370000.0/SOLD-Apr/1998/477000.0/SOLD,0,0,0,0,0,0,0,0,0,0,0,0,0,0,0,0,0,0,0,0
24-kaleno-view-balwyn-vic-3103,1765000,24-Nov-2018,3,3,4,345,m2,House,https://www.domain.com.au/24-kaleno-view-balwyn-vic-3103-2014730816,,0.9-1-4,3,Nov/2018/1765000.0/SOLD-Nov/1996/160000.0/SOLD-Mar/1995/145000.0/SOLD,0,0,0,0,0,0,0,0,0,0,0,0,0,0,0,0,0,0,0,0
4-sevenoaks-street-balwyn-vic-3103,1970000,25-Oct-2018,3,1,1,753,m2,House,https://www.domain.com.au/4-sevenoaks-street-balwyn-vic-3103-2014618966,,1-1.1-4.8,3,Oct/2018/1970000.0/SOLD,0,0,0,0,0,0,0,0,0,0,0,0,0,0,0,0,0,0,0,0
23-caravan-street-balwyn-vic-3103,1490000,20-Oct-2018,3,1,3,762,m2,House,https://www.domain.com.au/23-caravan-street-balwyn-vic-3103-2014653074,,0.5-1.4-1.7,3,Oct/2018/500.0/SOLD,0,0,0,0,0,0,0,0,0,0,0,0,0,0,0,0,0,0,0,0
14-pryton-court-balwyn-vic-3103,1405000,13-Sep-2018,3,2,1,792,m2,House,https://www.domain.com.au/14-pryton-court-balwyn-vic-3103-2014575645,Close to schools-Close to shops-Close to transport,0.6-0.8-1.3,3,Sep/2018/1405000.0/SOLD-May/2006/656000.0/SOLD,0,0,0,0,0,0,1,1,1,0,0,0,0,0,0,0,0,0,0,0
11-knutsford-street-balwyn-vic-3103,4300000,10-Sep-2018,3,3,2,878,m2,House,https://www.domain.com.au/11-knutsford-street-balwyn-vic-3103-2014551949,Study,0.6-0.6-1.7,3,Sep/2018/4300000.0/SOLD-Nov/1997/590000.0/SOLD,0,0,0,0,0,1,0,0,0,0,0,0,0,0,0,0,0,0,0,0
44-elliott-avenue-balwyn-vic-3103,1390000,10-Aug-2018,3,1,2,414,m2,House,https://www.domain.com.au/44-elliott-avenue-balwyn-vic-3103-2014479325,,0.8-1-4.5,3,Jul/2018/510.0/SOLD,0,0,0,0,0,0,0,0,0,0,0,0,0,0,0,0,0,0,0,0
46-yongala-street-balwyn-vic-3103,2000000,03-Aug-2018,3,1,1,604,m2,House,https://www.domain.com.au/46-yongala-street-balwyn-vic-3103-2014490546,,0.9-1-4.4,3,Aug/2018/450.0/SOLD-Aug/2016/1178000.0/SOLD,0,0,0,0,0,0,0,0,0,0,0,0,0,0,0,0,0,0,0,0
38-monash-avenue-balwyn-vic-3103,1900000,28-Jul-2018,3,1,2,668,m2,House,https://www.domain.com.au/38-monash-avenue-balwyn-vic-3103-2014478574,,0.9-1-4.6,3,Jul/2018/1900000.0/SOLD,0,0,0,0,0,0,0,0,0,0,0,0,0,0,0,0,0,0,0,0
24-kenilworth-street-balwyn-vic-3103,2150000,23-Jun-2018,3,2,2,729,m2,House,https://www.domain.com.au/24-kenilworth-street-balwyn-vic-3103-2014389303,,0.6-1.3-1.7,3,Jun/2018/2150000.0/SOLD-Sep/2004/637000.0/SOLD,0,0,0,0,0,0,0,0,0,0,0,0,0,0,0,0,0,0,0,0
8-metung-street-balwyn-vic-3103,2545000,16-Jun-2018,3,2,2,678,m2,House,https://www.domain.com.au/8-metung-street-balwyn-vic-3103-2014388724,,0.8-1.2-4.9,3,Jun/2018/2545000.0/SOLD-Aug/2015/2110000.0/SOLD-May/2013/1280000.0/SOLD,0,0,0,0,0,0,0,0,0,0,0,0,0,0,0,0,0,0,0,0
5-norbert-street-balwyn-vic-3103,2338000,19-May-2018,3,2,1,681,m2,House,https://www.domain.com.au/5-norbert-street-balwyn-vic-3103-2014329463,,0.7-1.5-5.1,3,May/2018/2338000.0/SOLD-Sep/2015/2215000.0/SOLD,0,0,0,0,0,0,0,0,0,0,0,0,0,0,0,0,0,0,0,0
57-metung-street-balwyn-vic-3103,2120000,05-May-2018,3,1,2,649,m2,House,https://www.domain.com.au/57-metung-street-balwyn-vic-3103-2014299205,,0.8-0.9-4.5,3,May/2018/2120000.0/SOLD,0,0,0,0,0,0,0,0,0,0,0,0,0,0,0,0,0,0,0,0
3/99-strabane-avenue-balwyn-vic-3103,1299000,29-Mar-2018,3,2,2,352,m2,Villa,https://www.domain.com.au/3-99-strabane-avenue-balwyn-vic-3103-2014208607,,0.7-0.8-1.2,3,,0,0,0,0,0,0,0,0,0,0,0,0,0,0,0,0,0,0,0,0
28-burroughs-road-balwyn-vic-3103,1950000,17-Mar-2018,3,1,3,733,m2,House,https://www.domain.com.au/28-burroughs-road-balwyn-vic-3103-2014188292,,0.6-1.4-2,3,Mar/2018/550.0/SOLD,0,0,0,0,0,0,0,0,0,0,0,0,0,0,0,0,0,0,0,0
63-monash-avenue-balwyn-vic-3103,1730000,04-Dec-2017,3,2,2,608,m2,House,https://www.domain.com.au/63-monash-avenue-balwyn-vic-3103-2014013125,,0.7-0.8-4.4,3,Dec/2017/650.0/SOLD,0,0,0,0,0,0,0,0,0,0,0,0,0,0,0,0,0,0,0,0
956-burke-road-balwyn-vic-3103,2325500,24-Nov-2017,3,2,2,819,m2,House,https://www.domain.com.au/956-burke-road-balwyn-vic-3103-2013942882,,0.1-1.7-5.6,3,,0,0,0,0,0,0,0,0,0,0,0,0,0,0,0,0,0,0,0,0
7-sevenoaks-street-balwyn-vic-3103,3100000,23-Nov-2017,3,1,2,864,m2,House,https://www.domain.com.au/7-sevenoaks-street-balwyn-vic-3103-2013970875,,1-1-4.6,3,Nov/2017/495.0/SOLD,0,0,0,0,0,0,0,0,0,0,0,0,0,0,0,0,0,0,0,0
14-palmer-avenue-balwyn-vic-3103,1850000,26-Oct-2017,3,2,2,554,m2,House,https://www.domain.com.au/14-palmer-avenue-balwyn-vic-3103-2013895094,,0.7-1.2-4.8,3,Oct/2017/1850000.0/SOLD-Sep/1994/192000.0/SOLD,0,0,0,0,0,0,0,0,0,0,0,0,0,0,0,0,0,0,0,0
23-nungerner-street-balwyn-vic-3103,2730000,16-Sep-2017,3,2,2,679,m2,House,https://www.domain.com.au/23-nungerner-street-balwyn-vic-3103-2013808269,,0.8-1.1-4.8,3,Sep/2017/2730000.0/SOLD-Aug/2015/2645000.0/SOLD-Sep/2012/1445000.0/SOLD,0,0,0,0,0,0,0,0,0,0,0,0,0,0,0,0,0,0,0,0
27a-jurang-street-balwyn-vic-3103,1500000,05-Aug-2017,3,1,2,599,m2,House,https://www.domain.com.au/27a-jurang-street-balwyn-vic-3103-2013717698,,0.5-1.7-4.6,3,Aug/2017/400.0/SOLD,0,0,0,0,0,0,0,0,0,0,0,0,0,0,0,0,0,0,0,0
92-winmalee-road-balwyn-vic-3103,2330000,15-Jul-2017,3,2,4,656,m2,House,https://www.domain.com.au/92-winmalee-road-balwyn-vic-3103-2013665083,,0.8-1.7-4.1,3,Jul/2017/2330000.0/SOLD-Jul/1978/102000.0/SOLD,0,0,0,0,0,0,0,0,0,0,0,0,0,0,0,0,0,0,0,0
4/5-caravan-street-balwyn-vic-3103,1135000,13-May-2017,3,2,2,276,m2,House,https://www.domain.com.au/4-5-caravan-street-balwyn-vic-3103-2013534494,,0.4-1.4-1.7,3,,0,0,0,0,0,0,0,0,0,0,0,0,0,0,0,0,0,0,0,0
148-yarrbat-avenue-balwyn-vic-3103,2000000,13-May-2017,3,2,2,754,m2,House,https://www.domain.com.au/148-yarrbat-avenue-balwyn-vic-3103-2013529853,,0.4-1.1-1.6,3,May/2017/2000000.0/SOLD-Nov/2014/1410000.0/SOLD-Nov/1979/67000.0/SOLD,0,0,0,0,0,0,0,0,0,0,0,0,0,0,0,0,0,0,0,0
8-grant-avenue-balwyn-vic-3103,1525000,29-Apr-2017,3,2,2,305,m2,House,https://www.domain.com.au/8-grant-avenue-balwyn-vic-3103-2013502503,,0.6-0.8-1.9,3,Sep/2018/1420000.0/SOLD-Apr/2017/1525000.0/SOLD-Nov/2001/495000.0/SOLD,0,0,0,0,0,0,0,0,0,0,0,0,0,0,0,0,0,0,0,0
27-parkdale-avenue-balwyn-vic-3103,2050000,18-Apr-2017,3,2,2,796,m2,House,https://www.domain.com.au/27-parkdale-avenue-balwyn-vic-3103-2013361096,,0.9-1.6-4.2,3,Apr/2017/2049999.9999999998/SOLD-Jun/2009/690.0/SOLD,0,0,0,0,0,0,0,0,0,0,0,0,0,0,0,0,0,0,0,0
10a-head-street-balwyn-vic-3103,1380000,08-Apr-2017,3,2,1,548,m2,House,https://www.domain.com.au/10a-head-street-balwyn-vic-3103-2013455854,,0.7-0.8-4.9,3,Apr/2017/1380000.0/SOLD-Feb/1990/290000.0/SOLD,0,0,0,0,0,0,0,0,0,0,0,0,0,0,0,0,0,0,0,0
20-henley-street-balwyn-vic-3103,1605000,15-Mar-2017,3,2,2,306,m2,House,https://www.domain.com.au/20-henley-street-balwyn-vic-3103-2013412791,,0.9-1-4.6,3,Mar/2017/1605000.0/SOLD-Nov/2003/650000.0/SOLD,0,0,0,0,0,0,0,0,0,0,0,0,0,0,0,0,0,0,0,0
4-haig-street-balwyn-vic-3103,2302000,03-Dec-2016,3,1,4,705,m2,House,https://www.domain.com.au/4-haig-street-balwyn-vic-3103-2013192249,,0.6-1.4-5.2,3,,0,0,0,0,0,0,0,0,0,0,0,0,0,0,0,0,0,0,0,0
47-naroo-street-balwyn-vic-3103,1830000,30-Nov-2016,3,2,3,613,m2,House,https://www.domain.com.au/47-naroo-street-balwyn-vic-3103-2013169145,,0.7-1.1-4.9,3,Nov/2019/4480000.0/SOLD-Nov/2016/1830000.0/SOLD-Jul/1994/180000.0/SOLD,0,0,0,0,0,0,0,0,0,0,0,0,0,0,0,0,0,0,0,0
17-knutsford-street-balwyn-vic-3103,3401000,26-Nov-2016,3,2,1,706,m2,House,https://www.domain.com.au/17-knutsford-street-balwyn-vic-3103-2013168894,,0.6-0.6-1.6,3,Nov/2016/3401000.0/SOLD-Nov/2001/755000.0/SOLD,0,0,0,0,0,0,0,0,0,0,0,0,0,0,0,0,0,0,0,0
22-burroughs-road-balwyn-vic-3103,2069000,05-Nov-2016,3,2,2,736,m2,House,https://www.domain.com.au/22-burroughs-road-balwyn-vic-3103-2013111462,,0.5-1.5-1.9,3,Oct/2019/2000000.0/SOLD-Apr/2017/2069000.0/SOLD-Dec/2010/1260000.0/SOLD,0,0,0,0,0,0,0,0,0,0,0,0,0,0,0,0,0,0,0,0
87-yerrin-street-balwyn-vic-3103,1910000,17-Sep-2016,3,1,1,696,m2,House,https://www.domain.com.au/87-yerrin-street-balwyn-vic-3103-2013011763,,1-1-4,3,Jan/2018/460.0/SOLD,0,0,0,0,0,0,0,0,0,0,0,0,0,0,0,0,0,0,0,0
53-metung-street-balwyn-vic-3103,2120000,17-Sep-2016,3,1,2,650,m2,House,https://www.domain.com.au/53-metung-street-balwyn-vic-3103-2013005677,,0.8-0.9-4.5,3,Dec/2016/2120000.0/SOLD,0,0,0,0,0,0,0,0,0,0,0,0,0,0,0,0,0,0,0,0
2-stroud-street-balwyn-vic-3103,1401000,10-Sep-2016,3,1,1,431,m2,House,https://www.domain.com.au/2-stroud-street-balwyn-vic-3103-2012992627,,0.6-0.8-4.3,3,Sep/2016/1401000.0/SOLD,0,0,0,0,0,0,0,0,0,0,0,0,0,0,0,0,0,0,0,0
46-yongala-street-balwyn-vic-3103,1850000,27-Aug-2016,3,1,1,604,m2,House,https://www.domain.com.au/46-yongala-street-balwyn-vic-3103-2012961533,,0.9-1-4.4,3,Aug/2018/450.0/SOLD-Aug/2016/1178000.0/SOLD,0,0,0,0,0,0,0,0,0,0,0,0,0,0,0,0,0,0,0,0
110-strabane-avenue-balwyn-vic-3103,1490000,18-Jun-2016,3,2,1,672,m2,House,https://www.domain.com.au/110-strabane-avenue-balwyn-vic-3103-2012831943,Study,0.7-0.9-1.3,3,Jun/2016/1490000.0/SOLD-Jun/2014/1056000.0/SOLD-Jan/1993/225000.0/SOLD,0,0,0,0,0,1,0,0,0,0,0,0,0,0,0,0,0,0,0,0
1-woods-street-balwyn-vic-3103,1765000,07-Jun-2016,3,1,1,965,m2,House,https://www.domain.com.au/1-woods-street-balwyn-vic-3103-2011601207,,0.8-1.3-3.9,3,Mar/2019/3130000.0/SOLD-Jun/2016/1765000.0/SOLD,0,0,0,0,0,0,0,0,0,0,0,0,0,0,0,0,0,0,0,0
6-abercrombie-street-balwyn-vic-3103,1810000,28-May-2016,3,1,1,691,m2,House,https://www.domain.com.au/6-abercrombie-street-balwyn-vic-3103-2012768736,,0.1-1.5-5.4,3,,0,0,0,0,0,0,0,0,0,0,0,0,0,0,0,0,0,0,0,0
23-wills-street-balwyn-vic-3103,1912000,28-May-2016,3,1,1,843,m2,House,https://www.domain.com.au/23-wills-street-balwyn-vic-3103-2012772179,,0.6-1-5,3,May/2018/4080000.0/SOLD-Jun/2017/2261000.0/SOLD-May/2016/1912000.0/SOLD,0,0,0,0,0,0,0,0,0,0,0,0,0,0,0,0,0,0,0,0
2-pembroke-road-balwyn-vic-3103,2950000,28-May-2016,3,2,2,650,m2,House,https://www.domain.com.au/2-pembroke-road-balwyn-vic-3103-2012774244,,0.3-0.9-1.6,3,May/2016/2950000.0/SOLD-Aug/1995/400000.0/SOLD-Oct/1986/275000.0/SOLD,0,0,0,0,0,0,0,0,0,0,0,0,0,0,0,0,0,0,0,0
3-westminster-street-balwyn-vic-3103,2125000,05-May-2016,3,2,2,682,m2,House,https://www.domain.com.au/3-westminster-street-balwyn-vic-3103-2012724427,,0.6-1.5-2.1,3,May/2016/2125000.0/SOLD-Apr/1997/430000.0/SOLD-Dec/1991/440000.0/SOLD,0,0,0,0,0,0,0,0,0,0,0,0,0,0,0,0,0,0,0,0
3-reid-street-balwyn-vic-3103,2750000,04-May-2016,3,2,2,651,m2,House,https://www.domain.com.au/3-reid-street-balwyn-vic-3103-2012741394,,0.7-0.9-2,3,May/2016/1050.0/SOLD,0,0,0,0,0,0,0,0,0,0,0,0,0,0,0,0,0,0,0,0
9-hardwicke-street-balwyn-vic-3103,1989000,30-Apr-2016,3,1,1,715,m2,House,https://www.domain.com.au/9-hardwicke-street-balwyn-vic-3103-2012700385,,0.9-1.5-5.1,3,,0,0,0,0,0,0,0,0,0,0,0,0,0,0,0,0,0,0,0,0
12-yongala-street-balwyn-vic-3103,1700000,30-Apr-2016,3,1,2,604,m2,House,https://www.domain.com.au/12-yongala-street-balwyn-vic-3103-2012709108,,0.9-1-4.3,3,Sep/2019/3750000.0/SOLD-Apr/2016/1700000.0/SOLD,0,0,0,0,0,0,0,0,0,0,0,0,0,0,0,0,0,0,0,0
84-yerrin-street-balwyn-vic-3103,1920000,18-Apr-2016,3,1,2,730,m2,House,https://www.domain.com.au/84-yerrin-street-balwyn-vic-3103-2015552724,Built in wardrobes-Dishwasher,1-1.1-4,3,Jul/2020/490.0/SOLD,0,0,0,1,0,0,0,0,0,0,0,0,1,0,0,0,0,0,0,0
3-glenluss-street-balwyn-vic-3103,2035000,09-Apr-2016,3,1,2,891,m2,House,https://www.domain.com.au/3-glenluss-street-balwyn-vic-3103-2012660445,,0.4-1.6-1.7,3,Nov/2017/2560000.0/SOLD-Apr/2016/2035000.0000000002/SOLD-Jan/1979/54000.0/SOLD,0,0,0,0,0,0,0,0,0,0,0,0,0,0,0,0,0,0,0,0
50-monash-avenue-balwyn-vic-3103,1400500,27-Feb-2016,3,2,2,311,m2,House,https://www.domain.com.au/50-monash-avenue-balwyn-vic-3103-2012560976,,0.8-0.9-4.5,3,Feb/2016/1400500.0/SOLD-May/1998/295000.0/SOLD,0,0,0,0,0,0,0,0,0,0,0,0,0,0,0,0,0,0,0,0
200-belmore-road-balwyn-vic-3103,4010000,21-Jan-2016,3,2,2,1136,m2,House,https://www.domain.com.au/200-belmore-road-balwyn-vic-3103-2012309389,,1-1-3.9,3,Jan/2016/4010000.0/SOLD-Mar/2010/300.0/SOLD,0,0,0,0,0,0,0,0,0,0,0,0,0,0,0,0,0,0,0,0
79-winmalee-road-balwyn-vic-3103,1600000,11-Jan-2016,3,2,2,516,m2,House,https://www.domain.com.au/79-winmalee-road-balwyn-vic-3103-2012396421,,0.8-1.6-4.1,3,Apr/2021/2025000.0/SOLD-Jan/2016/1600000.0/SOLD,0,0,0,0,0,0,0,0,0,0,0,0,0,0,0,0,0,0,0,0
6-para-street-balwyn-vic-3103,1575000,19-Dec-2015,3,1,1,620,m2,House,https://www.domain.com.au/6-para-street-balwyn-vic-3103-2012438842,,0.9-1-4.6,3,Sep/2018/3650000.0/SOLD-Dec/2015/1576000.0/SOLD,0,0,0,0,0,0,0,0,0,0,0,0,0,0,0,0,0,0,0,0
45-nungerner-street-balwyn-vic-3103,1660000,28-Nov-2015,3,2,-1,480,m2,House,https://www.domain.com.au/45-nungerner-street-balwyn-vic-3103-2012377512,,0.9-0.9-4.6,3,Dec/2015/700.0/SOLD,0,0,0,0,0,0,0,0,0,0,0,0,0,0,0,0,0,0,0,0
42-relowe-crescent-balwyn-vic-3103,2338888,28-Nov-2015,3,2,2,1172,m2,House,https://www.domain.com.au/42-relowe-crescent-balwyn-vic-3103-2012379818,Air conditioning-Built in wardrobes-Close to schools-Close to shops-Close to transport-Fireplace(s)-Formal Lounge-Garden-Secure Parking-Separate Dining-Terrace-Balcony,0.7-1-1.1,3,Nov/2015/2338888.0/SOLD-Mar/2013/1135000.0/SOLD,0,1,0,1,1,0,1,1,1,0,0,0,0,0,0,1,0,1,0,0
7-lydia-court-balwyn-vic-3103,3800000,10-Nov-2015,3,3,2,696,m2,House,https://www.domain.com.au/7-lydia-court-balwyn-vic-3103-2012349585,,0.8-0.9-2,3,,0,0,0,0,0,0,0,0,0,0,0,0,0,0,0,0,0,0,0,0
3-yarrbat-avenue-balwyn-vic-3103,3110000,31-Oct-2015,3,2,2,1058,m2,House,https://www.domain.com.au/3-yarrbat-avenue-balwyn-vic-3103-2012310534,,0.5-1.4-4.5,3,Oct/2015/3110000.0/SOLD,0,0,0,0,0,0,0,0,0,0,0,0,0,0,0,0,0,0,0,0
6-birtles-court-balwyn-vic-3103,1605000,24-Oct-2015,3,1,2,666,m2,House,https://www.domain.com.au/6-birtles-court-balwyn-vic-3103-2012293504,,0.8-1-4.8,3,Jun/2019/3700000.0/SOLD-Oct/2015/1605000.0/SOLD,0,0,0,0,0,0,0,0,0,0,0,0,0,0,0,0,0,0,0,0
14-bruce-street-balwyn-vic-3103,1760000,21-Oct-2015,3,1,2,592,m2,House,https://www.domain.com.au/14-bruce-street-balwyn-vic-3103-2012174186,,0.7-1.6-4,3,Oct/2015/1760000.0/SOLD-Feb/2003/500000.0/SOLD-Jun/1996/240000.0/SOLD,0,0,0,0,0,0,0,0,0,0,0,0,0,0,0,0,0,0,0,0
12-iramoo-street-balwyn-vic-3103,2210000,17-Oct-2015,3,2,2,554,m2,House,https://www.domain.com.au/12-iramoo-street-balwyn-vic-3103-2012272307,Study,0.5-1.8-4.7,3,Oct/2015/2210000.0/SOLD-Apr/2001/575000.0/SOLD-Feb/1987/232500.0/SOLD,0,0,0,0,0,1,0,0,0,0,0,0,0,0,0,0,0,0,0,0
16-iramoo-street-balwyn-vic-3103,1520000,17-Oct-2015,3,2,2,402,m2,House,https://www.domain.com.au/16-iramoo-street-balwyn-vic-3103-2012280665,,0.5-1.7-4.6,3,,0,0,0,0,0,0,0,0,0,0,0,0,0,0,0,0,0,0,0,0
76-belmore-road-balwyn-vic-3103,1770000,12-Sep-2015,3,1,2,650,m2,House,https://www.domain.com.au/76-belmore-road-balwyn-vic-3103-2012190086,,0.6-0.8-4.4,3,May/2017/3000000.0/SOLD-Sep/2015/1770000.0/SOLD-Apr/2011/975000.0/SOLD,0,0,0,0,0,0,0,0,0,0,0,0,0,0,0,0,0,0,0,0
178-balwyn-road-balwyn-vic-3103,2160000,14-Aug-2015,3,1,2,736,m2,House,https://www.domain.com.au/178-balwyn-road-balwyn-vic-3103-2012129984,,0.9-1.1-4.1,3,,0,0,0,0,0,0,0,0,0,0,0,0,0,0,0,0,0,0,0,0
23-nungerner-street-balwyn-vic-3103,2645000,08-Aug-2015,3,2,2,678,m2,House,https://www.domain.com.au/23-nungerner-street-balwyn-vic-3103-2012106742,Study,0.8-1.1-4.8,3,Sep/2017/2730000.0/SOLD-Aug/2015/2645000.0/SOLD-Sep/2012/1445000.0/SOLD,0,0,0,0,0,1,0,0,0,0,0,0,0,0,0,0,0,0,0,0
19-yandilla-street-balwyn-vic-3103,1770000,18-Jul-2015,3,1,2,842,m2,House,https://www.domain.com.au/19-yandilla-street-balwyn-vic-3103-2012071455,,0.7-1.1-1.5,3,Jul/2015/1770000.0/SOLD-Mar/2014/1302000.0/SOLD-Jun/1983/86450.0/SOLD,0,0,0,0,0,0,0,0,0,0,0,0,0,0,0,0,0,0,0,0
balwyn-vic-3103,2600000,02-Jul-2015,3,1,1,1149,m2,House,https://www.domain.com.au/balwyn-vic-3103-2012067842,Secure Parking-Ensuite(s),0.1-1.2-2.1,3,,0,0,0,0,1,0,0,0,0,0,0,0,0,0,0,0,0,0,0,0
163-balwyn-road-balwyn-vic-3103,1780000,20-Jun-2015,3,2,3,689,m2,House,https://www.domain.com.au/163-balwyn-road-balwyn-vic-3103-2011985315,,0.9-1-4.2,3,Mar/2021/1950000.0/SOLD,0,0,0,0,0,0,0,0,0,0,0,0,0,0,0,0,0,0,0,0
157-gordon-street-balwyn-vic-3103,2380000,20-Jun-2015,3,1,2,677,m2,House,https://www.domain.com.au/157-gordon-street-balwyn-vic-3103-2012006744,,0.6-1.2-4.6,3,Feb/2019/4250000.0/SOLD-Jun/2015/2380000.0/SOLD,0,0,0,0,0,0,0,0,0,0,0,0,0,0,0,0,0,0,0,0
17-winmalee-road-balwyn-vic-3103,2300000,20-Jun-2015,3,1,1,769,m2,House,https://www.domain.com.au/17-winmalee-road-balwyn-vic-3103-2012002080,,0.9-1.2-4.2,3,Jun/2015/2300000.0/SOLD,0,0,0,0,0,0,0,0,0,0,0,0,0,0,0,0,0,0,0,0
13-para-street-balwyn-vic-3103,1900000,30-May-2015,3,2,3,619,m2,House,https://www.domain.com.au/13-para-street-balwyn-vic-3103-2011951151,,0.9-0.9-4.7,3,,0,0,0,0,0,0,0,0,0,0,0,0,0,0,0,0,0,0,0,0
43-campbell-road-balwyn-vic-3103,2850000,21-Mar-2015,3,1,2,775,m2,House,https://www.domain.com.au/43-campbell-road-balwyn-vic-3103-2011793702,,0.4-1.1-1.9,3,,0,0,0,0,0,0,0,0,0,0,0,0,0,0,0,0,0,0,0,0
13-kerry-parade-balwyn-vic-3103,1515000,21-Mar-2015,3,3,2,743,m2,House,https://www.domain.com.au/13-kerry-parade-balwyn-vic-3103-2011776293,,0.6-0.8-1.2,3,Mar/2015/1515000.0/SOLD,0,0,0,0,0,0,0,0,0,0,0,0,0,0,0,0,0,0,0,0
3/2-knutsford-street-balwyn-vic-3103,1785000,14-Mar-2015,3,2,2,470,m2,House,https://www.domain.com.au/3-2-knutsford-street-balwyn-vic-3103-2011762582,,0.6-0.6-1.6,3,,0,0,0,0,0,0,0,0,0,0,0,0,0,0,0,0,0,0,0,0
1-henley-street-balwyn-vic-3103,2500000,14-Mar-2015,3,2,2,827,m2,House,https://www.domain.com.au/1-henley-street-balwyn-vic-3103-2011771988,,1-1-4.6,3,Mar/2015/2500000.0/SOLD-Feb/2014/1740000.0/SOLD-Apr/1981/68000.0/SOLD,0,0,0,0,0,0,0,0,0,0,0,0,0,0,0,0,0,0,0,0
5-para-street-balwyn-vic-3103,1735000,14-Mar-2015,3,2,2,619,m2,House,https://www.domain.com.au/5-para-street-balwyn-vic-3103-2011777451,,0.9-0.9-4.6,3,May/2019/3750000.0/SOLD-Mar/2015/1735000.0/SOLD-Nov/1977/39000.0/SOLD,0,0,0,0,0,0,0,0,0,0,0,0,0,0,0,0,0,0,0,0
84-yerrin-street-balwyn-vic-3103,1600000,28-Feb-2015,3,1,2,730,m2,House,https://www.domain.com.au/84-yerrin-street-balwyn-vic-3103-2011740925,,1-1.1-4,3,Jul/2020/490.0/SOLD,0,0,0,0,0,0,0,0,0,0,0,0,0,0,0,0,0,0,0,0
15a-head-street-balwyn-vic-3103,1276000,28-Feb-2015,3,1,2,670,m2,House,https://www.domain.com.au/15a-head-street-balwyn-vic-3103-2011741915,,0.8-0.8-4.8,3,Feb/2015/550.0/SOLD,0,0,0,0,0,0,0,0,0,0,0,0,0,0,0,0,0,0,0,0
9-pryton-court-balwyn-vic-3103,1352000,21-Feb-2015,3,1,-1,711,m2,House,https://www.domain.com.au/9-pryton-court-balwyn-vic-3103-2011726096,,0.6-0.9-1.3,3,Feb/2015/1352000.0/SOLD,0,0,0,0,0,0,0,0,0,0,0,0,0,0,0,0,0,0,0,0
48-metung-street-balwyn-vic-3103,1858000,16-Aug-2014,3,1,2,780,m2,House,https://www.domain.com.au/48-metung-street-balwyn-vic-3103-2011316421,,0.9-1-4.6,3,Nov/2019/2560500.0/SOLD-Aug/2014/600.0/SOLD,0,0,0,0,0,0,0,0,0,0,0,0,0,0,0,0,0,0,0,0
20-kenilworth-street-balwyn-vic-3103,1270000,02-Aug-2014,3,2,2,697,m2,House,https://www.domain.com.au/20-kenilworth-street-balwyn-vic-3103-2011289287,,0.5-1.3-1.7,3,Aug/2014/1270000.0/SOLD-Oct/1983/98850.0/SOLD-Sep/1977/64000.0/SOLD,0,0,0,0,0,0,0,0,0,0,0,0,0,0,0,0,0,0,0,0
71-nungerner-street-balwyn-vic-3103,1328000,22-Jul-2014,3,1,1,594,m2,House,https://www.domain.com.au/71-nungerner-street-balwyn-vic-3103-2011205599,,0.7-0.8-4.5,3,Jul/2014/1328000.0/SOLD-Oct/1999/342000.0/SOLD-Mar/1989/216000.0/SOLD,0,0,0,0,0,0,0,0,0,0,0,0,0,0,0,0,0,0,0,0
16-stroud-street-balwyn-vic-3103,1110000,15-Jul-2014,3,1,1,566,m2,House,https://www.domain.com.au/16-stroud-street-balwyn-vic-3103-2011281305,,0.7-0.8-4.3,3,Jul/2014/1110000.0/SOLD-Oct/1985/78000.0/SOLD,0,0,0,0,0,0,0,0,0,0,0,0,0,0,0,0,0,0,0,0
18-narrak-road-balwyn-vic-3103,1355000,14-Jun-2014,3,1,1,570,m2,House,https://www.domain.com.au/18-narrak-road-balwyn-vic-3103-2011179565,,0.6-1.5-2.1,3,,0,0,0,0,0,0,0,0,0,0,0,0,0,0,0,0,0,0,0,0
24-naroo-street-balwyn-vic-3103,1100000,02-May-2014,3,1,1,501,m2,House,https://www.domain.com.au/24-naroo-street-balwyn-vic-3103-2011117549,,0.7-1.1-4.9,3,Mar/2016/3150000.0/SOLD-May/2014/1100000.0/SOLD-Sep/2012/935000.0/SOLD,0,0,0,0,0,0,0,0,0,0,0,0,0,0,0,0,0,0,0,0
35-king-street-balwyn-vic-3103,1170500,12-Apr-2014,3,2,2,300,m2,House,https://www.domain.com.au/35-king-street-balwyn-vic-3103-2011073024,,0.6-1.1-4.9,3,,0,0,0,0,0,0,0,0,0,0,0,0,0,0,0,0,0,0,0,0
44-relowe-crescent-balwyn-vic-3103,1350000,05-Apr-2014,3,2,2,1168,m2,House,https://www.domain.com.au/44-relowe-crescent-balwyn-vic-3103-2011037959,,0.7-1-1.1,3,May/2015/600.0/SOLD,0,0,0,0,0,0,0,0,0,0,0,0,0,0,0,0,0,0,0,0
1-woods-street-balwyn-vic-3103,1400000,01-Apr-2014,3,1,4,965,m2,House,https://www.domain.com.au/1-woods-street-balwyn-vic-3103-2010868927,Built in wardrobes-Close to schools-Close to shops-Close to transport-Formal Lounge-Garden-Secure Parking-Separate Dining-Terrace-Balcony,0.8-1.3-3.9,3,Mar/2019/3130000.0/SOLD-Jun/2016/1765000.0/SOLD,0,0,0,1,1,0,1,1,1,0,0,0,0,0,0,1,0,1,0,0
4-a.i.f-street-balwyn-vic-3103,1355000,14-Dec-2013,3,1,1,685,m2,House,https://www.domain.com.au/4-a-i-f-street-balwyn-vic-3103-2010839127,,0.2-0.4-3.7,3,,0,0,0,0,0,0,0,0,0,0,0,0,0,0,0,0,0,0,0,0
41-frederick-street-balwyn-vic-3103,1470000,14-Dec-2013,3,1,2,610,m2,House,https://www.domain.com.au/41-frederick-street-balwyn-vic-3103-2010852966,,0.9-0.9-4.4,3,Dec/2013/1470000.0/SOLD,0,0,0,0,0,0,0,0,0,0,0,0,0,0,0,0,0,0,0,0
1/4-6-erne-street-balwyn-vic-3103,929000,19-Oct-2013,3,2,2,562,m2,House,https://www.domain.com.au/1-4-6-erne-street-balwyn-vic-3103-2010715809,,0.3-0.9-1.5,3,,0,0,0,0,0,0,0,0,0,0,0,0,0,0,0,0,0,0,0,0
16-paisley-street-balwyn-vic-3103,1260000,12-Oct-2013,3,1,1,614,m2,House,https://www.domain.com.au/16-paisley-street-balwyn-vic-3103-2010702674,,0.8-1-4.8,3,Oct/2013/1260001.0/SOLD-Jul/1998/255000.0/SOLD,0,0,0,0,0,0,0,0,0,0,0,0,0,0,0,0,0,0,0,0
7-canyon-street-balwyn-vic-3103,900000,26-Sep-2013,3,2,3,432,m2,House,https://www.domain.com.au/7-canyon-street-balwyn-vic-3103-2010672756,,0.7-1.2-4.9,3,Sep/2013/900000.0/SOLD-Sep/2012/820000.0/SOLD-Oct/2001/405000.0/SOLD,0,0,0,0,0,0,0,0,0,0,0,0,0,0,0,0,0,0,0,0
15-austin-street-balwyn-vic-3103,1500000,14-Sep-2013,3,1,2,739,m2,House,https://www.domain.com.au/15-austin-street-balwyn-vic-3103-2010654392,,0.7-1.4-5,3,Sep/2015/3650000.0/SOLD-Sep/2013/1500000.0/SOLD,0,0,0,0,0,0,0,0,0,0,0,0,0,0,0,0,0,0,0,0
10-head-street-balwyn-vic-3103,1140000,07-Sep-2013,3,2,1,530,m2,House,https://www.domain.com.au/10-head-street-balwyn-vic-3103-2010640075,,0.7-0.9-4.9,3,Sep/2013/1140000.0/SOLD-Dec/2008/741088.0/SOLD-Apr/2007/565000.0/SOLD,0,0,0,0,0,0,0,0,0,0,0,0,0,0,0,0,0,0,0,0
6-bruce-street-balwyn-vic-3103,1360000,16-Apr-2013,3,1,2,1020,m2,House,https://www.domain.com.au/6-bruce-street-balwyn-vic-3103-2010278305,Close to schools-Close to shops-Close to transport-Formal Lounge-Quiet Location-Separate Dining Room-Close to Parklands-Floorboards-Solar hot water-Peaceful Neighbourhood-Low Maintece Garden,0.6-1.5-3.9,3,Aug/2019/2750000.0/SOLD,0,0,0,0,0,0,1,1,1,0,0,0,0,0,0,1,0,0,0,0
14a-burroughs-road-balwyn-vic-3103,1208002,15-Oct-2012,3,2,2,375,m2,House,https://www.domain.com.au/14a-burroughs-road-balwyn-vic-3103-2010003882,,0.6-1.6-1.8,3,Oct/2012/1000.0/SOLD,0,0,0,0,0,0,0,0,0,0,0,0,0,0,0,0,0,0,0,0
53-winmalee-road-balwyn-vic-3103,1185000,02-Oct-2012,3,2,2,693,m2,House,https://www.domain.com.au/53-winmalee-road-balwyn-vic-3103-2009638766,,0.9-1.5-4.1,3,Oct/2012/1185000.0/SOLD,0,0,0,0,0,0,0,0,0,0,0,0,0,0,0,0,0,0,0,0
30-talbot-avenue-balwyn-vic-3103,1300000,22-Sep-2012,3,2,2,631,m2,House,https://www.domain.com.au/30-talbot-avenue-balwyn-vic-3103-2009954326,,0.5-1.5-1.9,3,Dec/2015/650.0/SOLD-Sep/2012/1650000.0/SOLD,0,0,0,0,0,0,0,0,0,0,0,0,0,0,0,0,0,0,0,0
67-nungerner-street-balwyn-vic-3103,1160000,08-Sep-2012,3,1,3,650,m2,House,https://www.domain.com.au/67-nungerner-street-balwyn-vic-3103-2009931943,,0.7-0.9-4.5,3,Jul/2014/2425000.0/SOLD-Sep/2012/1160000.0/SOLD,0,0,0,0,0,0,0,0,0,0,0,0,0,0,0,0,0,0,0,0
294-belmore-road-balwyn-vic-3103,690000,19-May-2012,3,2,2,407,m2,House,https://www.domain.com.au/294-belmore-road-balwyn-vic-3103-2009236994,,0.3-1.4-1.6,3,,0,0,0,0,0,0,0,0,0,0,0,0,0,0,0,0,0,0,0,0
15-relowe-crescent-balwyn-vic-3103,1141000,19-Apr-2012,3,1,2,1238,m2,House,https://www.domain.com.au/15-relowe-crescent-balwyn-vic-3103-2009346437,,0.8-0.9-1.1,3,Apr/2012/1141000.0/SOLD,0,0,0,0,0,0,0,0,0,0,0,0,0,0,0,0,0,0,0,0
54-fitzgerald-street-balwyn-vic-3103,910000,03-Mar-2012,3,1,2,839,m2,House,https://www.domain.com.au/54-fitzgerald-street-balwyn-vic-3103-2009490582,,0.5-1.2-1.4,3,Jul/2015/3600000.0/SOLD-Mar/2012/910000.0/SOLD,0,0,0,0,0,0,0,0,0,0,0,0,0,0,0,0,0,0,0,0
906-burke-road-balwyn-vic-3103,1052500,25-Nov-2011,3,2,2,516,m2,House,https://www.domain.com.au/906-burke-road-balwyn-vic-3103-2009323236,,0.8-1-1.9,3,,0,0,0,0,0,0,0,0,0,0,0,0,0,0,0,0,0,0,0,0
56-metung-street-balwyn-vic-3103,1302000,08-Oct-2011,3,1,1,650,m2,House,https://www.domain.com.au/56-metung-street-balwyn-vic-3103-2009221580,,0.8-0.9-4.6,3,Sep/2014/3980000.0/SOLD-Oct/2011/1302000.0/SOLD,0,0,0,0,0,0,0,0,0,0,0,0,0,0,0,0,0,0,0,0
18-yandilla-street-balwyn-vic-3103,900000,02-Sep-2011,3,1,1,776,m2,House,https://www.domain.com.au/18-yandilla-street-balwyn-vic-3103-2009132448,,0.7-1.2-1.6,3,Sep/2011/900000.0/SOLD,0,0,0,0,0,0,0,0,0,0,0,0,0,0,0,0,0,0,0,0
24-birdwood-street-balwyn-vic-3103,1078000,30-May-2011,3,1,-1,423,m2,House,https://www.domain.com.au/24-birdwood-street-balwyn-vic-3103-2009009984,,0.7-1-4.9,3,May/2011/1078000.0/SOLD-Apr/1999/335000.0/SOLD-Oct/1997/212500.0/SOLD,0,0,0,0,0,0,0,0,0,0,0,0,0,0,0,0,0,0,0,0
145-gordon-street-balwyn-vic-3103,1200000,27-Nov-2010,3,2,-1,565,m2,House,https://www.domain.com.au/145-gordon-street-balwyn-vic-3103-2008649698,,0.6-1.2-4.7,3,Nov/2010/1200000.0/SOLD-Sep/1996/295000.0/SOLD-Nov/1992/191000.0/SOLD,0,0,0,0,0,0,0,0,0,0,0,0,0,0,0,0,0,0,0,0
18-kenilworth-street-balwyn-vic-3103,1060000,27-Nov-2010,3,1,1,752,m2,House,https://www.domain.com.au/18-kenilworth-street-balwyn-vic-3103-2008652500,,0.5-1.3-1.6,3,Nov/2010/475.0/SOLD,0,0,0,0,0,0,0,0,0,0,0,0,0,0,0,0,0,0,0,0
152-balwyn-road-balwyn-vic-3103,1459888,18-Sep-2010,3,2,2,754,m2,House,https://www.domain.com.au/152-balwyn-road-balwyn-vic-3103-2008406011,,0.8-1.1-4.3,3,Jun/2017/2380000.0/SOLD-Feb/2011/1459888.0/SOLD,0,0,0,0,0,0,0,0,0,0,0,0,0,0,0,0,0,0,0,0
14-beckett-street-balwyn-vic-3103,1175000,19-Jun-2010,3,2,2,461,m2,House,https://www.domain.com.au/14-beckett-street-balwyn-vic-3103-2008378404,,0.8-1.7-4.1,3,Jun/2010/1175000.0/SOLD-Sep/2009/741000.0/SOLD,0,0,0,0,0,0,0,0,0,0,0,0,0,0,0,0,0,0,0,0
11-head-street-balwyn-vic-3103,1195000,17-Apr-2010,3,1,1,743,m2,House,https://www.domain.com.au/11-head-street-balwyn-vic-3103-2008273249,,0.8-0.8-4.9,3,Mar/2014/2668888.0/SOLD-Jul/2012/1000888.0/SOLD,0,0,0,0,0,0,0,0,0,0,0,0,0,0,0,0,0,0,0,0
11-kenilworth-street-balwyn-vic-3103,1190000,27-Mar-2010,3,2,-1,731,m2,House,https://www.domain.com.au/11-kenilworth-street-balwyn-vic-3103-2008237681,,0.5-1.3-1.6,3,Mar/2010/665.0/SOLD-Nov/2007/1190000.0/SOLD,0,0,0,0,0,0,0,0,0,0,0,0,0,0,0,0,0,0,0,0
135-winmalee-road-balwyn-vic-3103,2480000,20-Oct-2021,4,2,2,465,m2,House,https://www.domain.com.au/135-winmalee-road-balwyn-vic-3103-2017316652,,0.7-1.2-1.7,3,Oct/2021/2480000.0/SOLD-Apr/2018/3230000.0/SOLD,0,0,0,0,0,0,0,0,0,0,0,0,0,0,0,0,0,0,0,0
321a-union-road-balwyn-vic-3103,1895000,07-Oct-2021,4,2,2,403,m2,House,https://www.domain.com.au/321a-union-road-balwyn-vic-3103-2017249854,,0.6-1-1.4,3,Oct/2021/1895000.0/SOLD-Aug/2016/1500000.0/SOLD-May/2011/1200000.0/SOLD,0,0,0,0,0,0,0,0,0,0,0,0,0,0,0,0,0,0,0,0
20-reid-street-balwyn-vic-3103,4950000,05-Oct-2021,4,2,2,1040,m2,House,https://www.domain.com.au/20-reid-street-balwyn-vic-3103-2017258560,,0.7-0.7-1.8,3,Oct/2021/4950000.0/SOLD-Dec/2016/900.0/SOLD,0,0,0,0,0,0,0,0,0,0,0,0,0,0,0,0,0,0,0,0
72-winmalee-road-balwyn-vic-3103,3010000,26-Jun-2021,4,2,2,822,m2,House,https://www.domain.com.au/72-winmalee-road-balwyn-vic-3103-2017040731,,0.9-1.6-4.1,3,Jun/2021/3010000.0/SOLD-Feb/1987/180000.0/SOLD,0,0,0,0,0,0,0,0,0,0,0,0,0,0,0,0,0,0,0,0
254-belmore-road-balwyn-vic-3103,2070000,26-Jun-2021,4,2,2,760,m2,House,https://www.domain.com.au/254-belmore-road-balwyn-vic-3103-2017032056,,0.4-1.6-3.8,3,Jun/2021/2069999.9999999998/SOLD-Sep/2019/1660000.0/SOLD,0,0,0,0,0,0,0,0,0,0,0,0,0,0,0,0,0,0,0,0
17-kaleno-view-balwyn-vic-3103,2175000,27-Mar-2021,4,2,2,325,m2,House,https://www.domain.com.au/17-kaleno-view-balwyn-vic-3103-2016843783,,0.8-0.9-4,3,Mar/2021/2175000.0/SOLD-Dec/2010/1180000.0/SOLD-Oct/1996/365000.0/SOLD,0,0,0,0,0,0,0,0,0,0,0,0,0,0,0,0,0,0,0,0
45-fitzgerald-street-balwyn-vic-3103,1950000,27-Mar-2021,4,2,1,725,m2,House,https://www.domain.com.au/45-fitzgerald-street-balwyn-vic-3103-2016840586,,0.7-1.1-1.4,3,Mar/2021/1950000.0/SOLD-Mar/1989/215000.0/SOLD-Oct/1987/173000.0/SOLD,0,0,0,0,0,0,0,0,0,0,0,0,0,0,0,0,0,0,0,0
7-clapham-street-balwyn-vic-3103,3000000,20-Mar-2021,4,2,2,1012,m2,House,https://www.domain.com.au/7-clapham-street-balwyn-vic-3103-2016818130,,0.4-1.3-1.9,3,Mar/2021/870.0/SOLD-Mar/1998/3000000.0/SOLD,0,0,0,0,0,0,0,0,0,0,0,0,0,0,0,0,0,0,0,0
26-kalimna-street-balwyn-vic-3103,2800000,20-Mar-2021,4,2,2,674,m2,House,https://www.domain.com.au/26-kalimna-street-balwyn-vic-3103-2016821755,,0.6-1.3-4.7,3,Mar/2021/2800000.0/SOLD,0,0,0,0,0,0,0,0,0,0,0,0,0,0,0,0,0,0,0,0
2-burroughs-road-balwyn-vic-3103,2210000,20-Feb-2021,4,2,4,734,m2,House,https://www.domain.com.au/2-burroughs-road-balwyn-vic-3103-2016419487,,0.6-1.7-3.9,3,Feb/2021/2210000.0/SOLD,0,0,0,0,0,0,0,0,0,0,0,0,0,0,0,0,0,0,0,0
1-narrak-road-balwyn-vic-3103,2750000,13-Feb-2021,4,2,2,612,m2,House,https://www.domain.com.au/1-narrak-road-balwyn-vic-3103-2016734174,,0.4-1.6-2.4,3,Feb/2021/2750000.0/SOLD-Aug/2011/1800000.0/SOLD-Oct/2008/1500000.0/SOLD,0,0,0,0,0,0,0,0,0,0,0,0,0,0,0,0,0,0,0,0
11-threadneedle-street-balwyn-vic-3103,2670000,30-Jan-2021,4,2,2,603,m2,House,https://www.domain.com.au/11-threadneedle-street-balwyn-vic-3103-2016721802,,0.4-1.2-1.8,3,Jan/2021/2670000.0/SOLD-Mar/2011/1300000.0/SOLD,0,0,0,0,0,0,0,0,0,0,0,0,0,0,0,0,0,0,0,0
32-relowe-crescent-balwyn-vic-3103,1960000,12-Dec-2020,4,2,2,1168,m2,House,https://www.domain.com.au/32-relowe-crescent-balwyn-vic-3103-2016614974,,0.7-1-1.1,3,Dec/2020/1960000.0/SOLD-Nov/2011/530.0/SOLD,0,0,0,0,0,0,0,0,0,0,0,0,0,0,0,0,0,0,0,0
91-winmalee-road-balwyn-vic-3103,2230000,05-Nov-2020,4,4,2,465,m2,House,https://www.domain.com.au/91-winmalee-road-balwyn-vic-3103-2016520275,Study,0.7-1.7-1.8,3,Nov/2020/2230000.0/SOLD-Jan/2018/1430000.0/SOLD,0,0,0,0,0,1,0,0,0,0,0,0,0,0,0,0,0,0,0,0
19-weir-street-balwyn-vic-3103,3250000,30-Oct-2020,4,3,3,1114,m2,House,https://www.domain.com.au/19-weir-street-balwyn-vic-3103-2016570948,Study*-Garden*-Balcony-Dishwasher-Gas Stove-Floorboards-Tennis Court-Fully fenced,0.3-1.3-1.9,3,Nov/2020/3250000.0/SOLD-Jun/2011/1670000.0/SOLD-Jun/2005/880000.0/SOLD,0,0,0,0,0,1,0,0,0,0,1,0,1,0,0,1,0,1,0,0
30-norbert-street-balwyn-vic-3103,2768000,13-Oct-2020,4,3,4,740,m2,House,https://www.domain.com.au/30-norbert-street-balwyn-vic-3103-2016411452,,0.8-1.3-4.9,3,Oct/2020/2768000.0/SOLD-Mar/2004/975412.0/SOLD-Sep/1997/330000.0/SOLD,0,0,0,0,0,0,0,0,0,0,0,0,0,0,0,0,0,0,0,0
27-talbot-avenue-balwyn-vic-3103,2550000,15-Aug-2020,4,2,2,797,m2,House,https://www.domain.com.au/27-talbot-avenue-balwyn-vic-3103-2016360572,,0.5-1.4-1.9,3,Aug/2020/2550000.0/SOLD-Mar/2012/1330000.0/SOLD,0,0,0,0,0,0,0,0,0,0,0,0,0,0,0,0,0,0,0,0
7-knutsford-street-balwyn-vic-3103,3900000,01-Jul-2020,4,3,4,980,m2,House,https://www.domain.com.au/7-knutsford-street-balwyn-vic-3103-2016119439,,0.6-0.7-1.7,3,Jul/2020/3900000.0/SOLD,0,0,0,0,0,0,0,0,0,0,0,0,0,0,0,0,0,0,0,0
38-weir-street-balwyn-vic-3103,2455000,20-May-2020,4,2,5,1037,m2,House,https://www.domain.com.au/38-weir-street-balwyn-vic-3103-2016249523,,0.3-1.4-2,3,May/2020/2455000.0/SOLD-Oct/1991/265000.0/SOLD,0,0,0,0,0,0,0,0,0,0,0,0,0,0,0,0,0,0,0,0
66-belmore-road-balwyn-vic-3103,2350000,27-Apr-2020,4,2,2,576,m2,House,https://www.domain.com.au/66-belmore-road-balwyn-vic-3103-2015481331,,0.7-0.8-4.4,3,Apr/2020/2350000.0/SOLD-Nov/2015/3000000.0/SOLD-May/2008/680000.0/SOLD,0,0,0,0,0,0,0,0,0,0,0,0,0,0,0,0,0,0,0,0
49-yarrbat-avenue-balwyn-vic-3103,1978000,04-Apr-2020,4,2,3,621,m2,House,https://www.domain.com.au/49-yarrbat-avenue-balwyn-vic-3103-2016154554,,0.8-1.6-4.4,3,Apr/2020/1978000.0/SOLD-Apr/1987/155000.0/SOLD,0,0,0,0,0,0,0,0,0,0,0,0,0,0,0,0,0,0,0,0
24-palmer-avenue-balwyn-vic-3103,1470000,19-Mar-2020,4,2,2,442,m2,House,https://www.domain.com.au/24-palmer-avenue-balwyn-vic-3103-2016074218,,0.7-1.2-4.9,3,Mar/2020/1470000.0/SOLD-Jul/2015/1400000.0/SOLD-Oct/2009/800000.0/SOLD,0,0,0,0,0,0,0,0,0,0,0,0,0,0,0,0,0,0,0,0
81-winmalee-road-balwyn-vic-3103,2450000,29-Feb-2020,4,2,2,648,m2,House,https://www.domain.com.au/81-winmalee-road-balwyn-vic-3103-2016048859,,0.8-1.6-4.1,3,Feb/2020/2450000.0/SOLD-Nov/1999/340000.0/SOLD,0,0,0,0,0,0,0,0,0,0,0,0,0,0,0,0,0,0,0,0
34-hardwicke-street-balwyn-vic-3103,2744000,09-Dec-2019,4,2,2,717,m2,House,https://www.domain.com.au/34-hardwicke-street-balwyn-vic-3103-2015865172,,1-1-1.3,3,Dec/2019/2744000.0/SOLD-Jan/1987/285000.0/SOLD,0,0,0,0,0,0,0,0,0,0,0,0,0,0,0,0,0,0,0,0
83-gordon-street-balwyn-vic-3103,2490000,30-Nov-2019,4,2,2,697,m2,House,https://www.domain.com.au/83-gordon-street-balwyn-vic-3103-2015841929,,0.9-1.2-4.9,3,Nov/2019/2490000.0/SOLD-Aug/1987/144500.0/SOLD,0,0,0,0,0,0,0,0,0,0,0,0,0,0,0,0,0,0,0,0
50-banool-road-balwyn-vic-3103,1850000,20-Nov-2019,4,4,2,325,m2,House,https://www.domain.com.au/50-banool-road-balwyn-vic-3103-2015792652,,0.4-1.7-2.2,3,Nov/2019/1850000.0/SOLD-Feb/2016/575.0/SOLD,0,0,0,0,0,0,0,0,0,0,0,0,0,0,0,0,0,0,0,0
2-glenluss-street-balwyn-vic-3103,1720000,21-Sep-2019,4,2,2,468,m2,House,https://www.domain.com.au/2-glenluss-street-balwyn-vic-3103-2015546360,,0.4-1.7-3.8,3,Sep/2019/1720000.0/SOLD-Mar/2007/895000.0/SOLD-Nov/1994/200000.0/SOLD,0,0,0,0,0,0,0,0,0,0,0,0,0,0,0,0,0,0,0,0
4-john-street-balwyn-vic-3103,2500000,21-Sep-2019,4,2,4,855,m2,House,https://www.domain.com.au/4-john-street-balwyn-vic-3103-2015541623,,0.4-1.5-5,3,,0,0,0,0,0,0,0,0,0,0,0,0,0,0,0,0,0,0,0,0
22-frederick-street-balwyn-vic-3103,2150000,14-Sep-2019,4,2,2,617,m2,House,https://www.domain.com.au/22-frederick-street-balwyn-vic-3103-2015528390,,0.8-1-4.4,3,Sep/2019/600.0/SOLD,0,0,0,0,0,0,0,0,0,0,0,0,0,0,0,0,0,0,0,0
20-percy-street-balwyn-vic-3103,2625000,07-Sep-2019,4,2,2,725,m2,House,https://www.domain.com.au/20-percy-street-balwyn-vic-3103-2015514855,,0.9-1.4-5,3,Sep/2019/2625000.0/SOLD-Aug/1989/259000.0/SOLD,0,0,0,0,0,0,0,0,0,0,0,0,0,0,0,0,0,0,0,0
996-burke-road-balwyn-vic-3103,2210000,31-Aug-2019,4,2,2,775,m2,House,https://www.domain.com.au/996-burke-road-balwyn-vic-3103-2015508089,,0.5-1.1-5.2,3,Aug/2019/2210000.0/SOLD-Oct/2005/840000.0/SOLD-Dec/1997/411000.0/SOLD,0,0,0,0,0,0,0,0,0,0,0,0,0,0,0,0,0,0,0,0
89-gordon-street-balwyn-vic-3103,3108000,10-Aug-2019,4,2,2,806,m2,House,https://www.domain.com.au/89-gordon-street-balwyn-vic-3103-2015425551,,1-1.2-4.9,3,Aug/2019/3108000.0/SOLD,0,0,0,0,0,0,0,0,0,0,0,0,0,0,0,0,0,0,0,0
11-kaleno-view-balwyn-vic-3103,1907000,27-Jul-2019,4,3,2,300,m2,House,https://www.domain.com.au/11-kaleno-view-balwyn-vic-3103-2015405418,,0.8-0.9-4,3,Jul/2019/1907000.0/SOLD-Oct/1996/410000.0/SOLD-Jun/1995/138000.0/SOLD,0,0,0,0,0,0,0,0,0,0,0,0,0,0,0,0,0,0,0,0
13-kitchener-street-balwyn-vic-3103,2836000,24-Jun-2019,4,2,2,730,m2,House,https://www.domain.com.au/13-kitchener-street-balwyn-vic-3103-2015302673,In-ground Pool (Heated)-Pergola-BALWYN HIGH ZONE-Remote Garage-Secure Parking-Air conditioning-Alarm System-Vacuum System-Intercom-Living Areas-Built in wardrobes-Dishwasher-Ducted Heating-Floorboards-Study-Solar panels,0.3-1.6-5.4,3,,1,1,0,1,1,1,0,0,0,0,0,1,1,1,1,0,0,0,1,0
65-stroud-street-balwyn-vic-3103,1938750,22-Jun-2019,4,2,2,355,m2,House,https://www.domain.com.au/65-stroud-street-balwyn-vic-3103-2015312099,Air conditioning-Built in wardrobes-Close to schools-Close to shops-Fireplace(s)-Security Alarm-Garden-Secure Parking-Formal Lounge-Separate Dining,0.9-1-4.1,3,Feb/2016/1103.0/SOLD-May/2007/1800000.0/SOLD,0,1,0,1,1,0,1,0,1,0,0,0,0,0,1,1,0,0,0,0
18-winmalee-road-balwyn-vic-3103,1760000,19-Jan-2019,4,2,1,637,m2,House,https://www.domain.com.au/18-winmalee-road-balwyn-vic-3103-2014741048,,0.8-1.2-4.2,3,Jan/2019/1760000.0/SOLD-Feb/1989/350000.0/SOLD-Nov/1985/116000.0/SOLD,0,0,0,0,0,0,0,0,0,0,0,0,0,0,0,0,0,0,0,0
4-frederick-street-balwyn-vic-3103,2588000,18-Dec-2018,4,3,2,631,m2,House,https://www.domain.com.au/4-frederick-street-balwyn-vic-3103-2014737650,,0.8-1.1-4.4,3,Dec/2018/2588000.0/SOLD,0,0,0,0,0,0,0,0,0,0,0,0,0,0,0,0,0,0,0,0
3a-tonkin-avenue-balwyn-vic-3103,1340000,21-Nov-2018,4,2,2,436,m2,House,https://www.domain.com.au/3a-tonkin-avenue-balwyn-vic-3103-2014716359,,0.9-1.2-4,3,Nov/2018/1340000.0/SOLD,0,0,0,0,0,0,0,0,0,0,0,0,0,0,0,0,0,0,0,0
121-winmalee-road-balwyn-vic-3103,2040000,14-Nov-2018,4,2,2,696,m2,House,https://www.domain.com.au/121-winmalee-road-balwyn-vic-3103-2014686605,,0.7-1.5-2,3,Nov/2018/2040000.0/SOLD,0,0,0,0,0,0,0,0,0,0,0,0,0,0,0,0,0,0,0,0
20-winmalee-road-balwyn-vic-3103,2668000,20-Oct-2018,4,2,2,631,m2,House,https://www.domain.com.au/20-winmalee-road-balwyn-vic-3103-2014658375,,0.8-1.3-4.2,3,Oct/2018/2668000.0/SOLD-Apr/2000/740000.0/SOLD-Apr/1998/331000.0/SOLD,0,0,0,0,0,0,0,0,0,0,0,0,0,0,0,0,0,0,0,0
29-gordon-street-balwyn-vic-3103,2265000,06-Oct-2018,4,2,2,856,m2,House,https://www.domain.com.au/29-gordon-street-balwyn-vic-3103-2014629475,,0.4-1.4-5.2,3,Jan/2020/2480000.0/SOLD-Oct/2018/850.0/SOLD,0,0,0,0,0,0,0,0,0,0,0,0,0,0,0,0,0,0,0,0
4-kinsale-crescent-balwyn-vic-3103,2325000,21-May-2018,4,2,-1,914,m2,House,https://www.domain.com.au/4-kinsale-crescent-balwyn-vic-3103-2014336736,,0.4-0.8-1.3,3,May/2018/2325000.0/SOLD-Aug/2009/1458500.0/SOLD-Jan/1993/197500.0/SOLD,0,0,0,0,0,0,0,0,0,0,0,0,0,0,0,0,0,0,0,0
321-union-road-balwyn-vic-3103,1688000,19-May-2018,4,2,2,341,m2,House,https://www.domain.com.au/321-union-road-balwyn-vic-3103-2014343678,,0.6-1-1.4,3,May/2018/1688000.0/SOLD-Dec/2007/716000.0/SOLD,0,0,0,0,0,0,0,0,0,0,0,0,0,0,0,0,0,0,0,0
356-belmore-road-balwyn-vic-3103,1888000,08-May-2018,4,1,3,1166,m2,House,https://www.domain.com.au/356-belmore-road-balwyn-vic-3103-2014299865,Polished Floorboards-Dishwasher-Ducted Heating-Split System AirCon,0.7-1-1.1,3,May/2018/1888000.0/SOLD-Jan/2014/1650000.0/SOLD,1,0,0,0,0,0,0,0,0,1,0,0,1,0,0,0,0,0,0,0
3-canyon-street-balwyn-vic-3103,1800000,28-Mar-2018,4,2,1,562,m2,House,https://www.domain.com.au/3-canyon-street-balwyn-vic-3103-2014204920,,0.6-1.2-4.9,3,Mar/2018/1800000.0/SOLD,0,0,0,0,0,0,0,0,0,0,0,0,0,0,0,0,0,0,0,0
18-yongala-street-balwyn-vic-3103,2888000,24-Mar-2018,4,4,2,603,m2,House,https://www.domain.com.au/18-yongala-street-balwyn-vic-3103-2014214121,,0.9-1-4.3,3,Mar/2018/2888000.0/SOLD-Jan/2013/2370000.0/SOLD-Jun/2010/1105000.0/SOLD,0,0,0,0,0,0,0,0,0,0,0,0,0,0,0,0,0,0,0,0
1-metung-street-balwyn-vic-3103,2450000,17-Mar-2018,4,3,2,673,m2,House,https://www.domain.com.au/1-metung-street-balwyn-vic-3103-2014193757,,0.8-1.2-4.9,3,Mar/2018/2450000.0/SOLD-Oct/1996/236000.0/SOLD,0,0,0,0,0,0,0,0,0,0,0,0,0,0,0,0,0,0,0,0
13-vauxhall-road-balwyn-vic-3103,2140000,03-Mar-2018,4,2,3,525,m2,House,https://www.domain.com.au/13-vauxhall-road-balwyn-vic-3103-2014156352,,0.4-1.2-1.7,3,Jun/2018/2140000.0/SOLD-Oct/2006/1375000.0/SOLD-Apr/1998/250500.0/SOLD,0,0,0,0,0,0,0,0,0,0,0,0,0,0,0,0,0,0,0,0
26-clapham-street-balwyn-vic-3103,2100000,08-Jan-2018,4,2,2,766,m2,House,https://www.domain.com.au/26-clapham-street-balwyn-vic-3103-2014002396,,0.4-1.2-1.8,3,Jan/2018/2100000.0/SOLD-Nov/2009/1505000.0/SOLD,0,0,0,0,0,0,0,0,0,0,0,0,0,0,0,0,0,0,0,0
8-monash-avenue-balwyn-vic-3103,2600000,22-Dec-2017,4,3,2,663,m2,House,https://www.domain.com.au/8-monash-avenue-balwyn-vic-3103-2014003906,,0.9-1.1-4.8,3,Dec/2017/2600000.0/SOLD-Jun/2013/1788000.0/SOLD,0,0,0,0,0,0,0,0,0,0,0,0,0,0,0,0,0,0,0,0
17-parkdale-avenue-balwyn-vic-3103,1700000,20-Dec-2017,4,3,3,680,m2,House,https://www.domain.com.au/17-parkdale-avenue-balwyn-vic-3103-2014003659,,0.9-1.6-4.2,3,Sep/2021/4059999.9999999995/SOLD-Dec/2017/1700000.0/SOLD,0,0,0,0,0,0,0,0,0,0,0,0,0,0,0,0,0,0,0,0
17-&-17a-jurang-street-balwyn-vic-3103,4350000,09-Dec-2017,4,2,2,1214,m2,House,https://www.domain.com.au/17-17a-jurang-street-balwyn-vic-3103-2013999957,,0.4-2-2.1,3,,0,0,0,0,0,0,0,0,0,0,0,0,0,0,0,0,0,0,0,0
11-westminster-street-balwyn-vic-3103,2885000,09-Sep-2017,4,3,2,902,m2,House,https://www.domain.com.au/11-westminster-street-balwyn-vic-3103-2013786749,,0.5-1.4-2,3,,0,0,0,0,0,0,0,0,0,0,0,0,0,0,0,0,0,0,0,0
15-grey-street-balwyn-vic-3103,2115000,19-Aug-2017,4,2,2,766,m2,House,https://www.domain.com.au/15-grey-street-balwyn-vic-3103-2013742294,,0.5-1.1-5,3,Aug/2017/2115000.0/SOLD,0,0,0,0,0,0,0,0,0,0,0,0,0,0,0,0,0,0,0,0
2-reid-street-balwyn-vic-3103,2870000,19-May-2017,4,3,4,713,m2,House,https://www.domain.com.au/2-reid-street-balwyn-vic-3103-2013548731,,0.7-0.9-2,3,May/2017/2870000.0/SOLD,0,0,0,0,0,0,0,0,0,0,0,0,0,0,0,0,0,0,0,0
128-gordon-street-balwyn-vic-3103,2230000,13-May-2017,4,2,2,663,m2,House,https://www.domain.com.au/128-gordon-street-balwyn-vic-3103-2013529849,,0.7-1.2-4.8,3,May/2017/2230000.0/SOLD-Feb/2007/900000.0/SOLD,0,0,0,0,0,0,0,0,0,0,0,0,0,0,0,0,0,0,0,0
18-knutsford-street-balwyn-vic-3103,3900000,08-May-2017,4,1,2,900,m2,House,https://www.domain.com.au/18-knutsford-street-balwyn-vic-3103-2013562775,,0.5-0.7-1.5,3,May/2017/3900000.0/SOLD-Aug/2011/2730000.0/SOLD-Sep/2006/1650000.0/SOLD,0,0,0,0,0,0,0,0,0,0,0,0,0,0,0,0,0,0,0,0
33-yerrin-street-balwyn-vic-3103,2000000,08-Apr-2017,4,3,4,565,m2,House,https://www.domain.com.au/33-yerrin-street-balwyn-vic-3103-2013423932,,0.6-1.5-4.5,3,Dec/2020/2455000.0/SOLD-Apr/2017/2000000.0/SOLD,0,0,0,0,0,0,0,0,0,0,0,0,0,0,0,0,0,0,0,0
306-union-road-balwyn-vic-3103,1810000,01-Apr-2017,4,1,4,907,m2,House,https://www.domain.com.au/306-union-road-balwyn-vic-3103-2013440048,,0.5-1-1.5,3,Apr/2017/1810000.0/SOLD-Aug/1992/250000.0/SOLD,0,0,0,0,0,0,0,0,0,0,0,0,0,0,0,0,0,0,0,0
35-yerrin-street-balwyn-vic-3103,2025000,18-Mar-2017,4,3,2,562,m2,House,https://www.domain.com.au/35-yerrin-street-balwyn-vic-3103-2013403926,Ensuite,0.6-1.5-4.5,3,Mar/2017/2025000.0/SOLD-Oct/2012/1250000.0/SOLD-Dec/1999/475000.0/SOLD,0,0,0,0,0,0,0,0,0,0,0,0,0,0,0,0,0,0,0,0
10-boston-road-balwyn-vic-3103,4980000,16-Mar-2017,4,2,4,1459,m2,House,https://www.domain.com.au/10-boston-road-balwyn-vic-3103-2013423938,,0.4-0.8-1.6,3,Mar/2017/4980000.0/SOLD-Nov/2015/4388000.0/SOLD-Feb/1999/950000.0/SOLD,0,0,0,0,0,0,0,0,0,0,0,0,0,0,0,0,0,0,0,0
16-grey-street-balwyn-vic-3103,2100000,09-Mar-2017,4,2,2,743,m2,House,https://www.domain.com.au/16-grey-street-balwyn-vic-3103-2013410805,,0.5-1.1-5,3,Mar/2017/2100000.0/SOLD,0,0,0,0,0,0,0,0,0,0,0,0,0,0,0,0,0,0,0,0
109-gordon-street-balwyn-vic-3103,3200000,08-Feb-2017,4,3,5,655,m2,House,https://www.domain.com.au/109-gordon-street-balwyn-vic-3103-2013361731,Ensuite,0.9-1.2-4.8,3,Mar/2001/445000.0/SOLD-Mar/2000/385000.0/SOLD,0,0,0,0,0,0,0,0,0,0,0,0,0,0,0,0,0,0,0,0
36-narrak-road-balwyn-vic-3103,1925000,31-Jan-2017,4,2,2,715,m2,House,https://www.domain.com.au/36-narrak-road-balwyn-vic-3103-2013334112,,0.6-1.4-2,3,Jan/2017/1925000.0/SOLD-Nov/2000/612000.0/SOLD,0,0,0,0,0,0,0,0,0,0,0,0,0,0,0,0,0,0,0,0
134-winmalee-road-balwyn-vic-3103,2008000,17-Dec-2016,4,2,2,652,m2,House,https://www.domain.com.au/134-winmalee-road-balwyn-vic-3103-2013234796,,0.8-1.4-1.8,3,Feb/2017/2008000.0/SOLD-Nov/1995/525000.0/SOLD,0,0,0,0,0,0,0,0,0,0,0,0,0,0,0,0,0,0,0,0
413-belmore-road-balwyn-vic-3103,2350000,09-Dec-2016,4,2,2,694,m2,House,https://www.domain.com.au/413-belmore-road-balwyn-vic-3103-2013215209,Study,0.7-1.1-1.1,3,Dec/2016/1000.0/SOLD-Nov/2012/2350000.0/SOLD,0,0,0,0,0,1,0,0,0,0,0,0,0,0,0,0,0,0,0,0
165-balwyn-road-balwyn-vic-3103,1900000,28-Nov-2016,4,2,1,665,m2,House,https://www.domain.com.au/165-balwyn-road-balwyn-vic-3103-2013137487,,0.9-1-4.2,3,Nov/2016/1900000.0/SOLD-Aug/1999/325000.0/SOLD,0,0,0,0,0,0,0,0,0,0,0,0,0,0,0,0,0,0,0,0
15a-westminster-street-balwyn-vic-3103,1910000,26-Nov-2016,4,3,2,340,m2,House,https://www.domain.com.au/15a-westminster-street-balwyn-vic-3103-2013173526,,0.5-1.4-2,3,Nov/2016/1910000.0/SOLD-Apr/2014/1650000.0/SOLD,0,0,0,0,0,0,0,0,0,0,0,0,0,0,0,0,0,0,0,0
12-meadow-grove-balwyn-vic-3103,2225000,20-Nov-2016,4,2,-1,645,m2,House,https://www.domain.com.au/12-meadow-grove-balwyn-vic-3103-2013154607,,0.5-1.6-5.3,3,,0,0,0,0,0,0,0,0,0,0,0,0,0,0,0,0,0,0,0,0
5-millah-road-balwyn-vic-3103,3270000,12-Nov-2016,4,2,4,935,m2,House,https://www.domain.com.au/5-millah-road-balwyn-vic-3103-2013127890,,0.3-0.9-1.7,3,Nov/2016/3270000.0/SOLD-Mar/1987/241000.0/SOLD,0,0,0,0,0,0,0,0,0,0,0,0,0,0,0,0,0,0,0,0
18-linckens-crescent-balwyn-vic-3103,2410000,15-Oct-2016,4,3,2,783,m2,House,https://www.domain.com.au/18-linckens-crescent-balwyn-vic-3103-2013067258,,0.8-1.4-4.3,3,Oct/2016/950.0/SOLD-Sep/1997/2410000.0/SOLD,0,0,0,0,0,0,0,0,0,0,0,0,0,0,0,0,0,0,0,0
13-naroo-street-balwyn-vic-3103,1940000,08-Oct-2016,4,3,2,573,m2,House,https://www.domain.com.au/13-naroo-street-balwyn-vic-3103-2013056296,,0.9-0.9-4.6,3,Oct/2016/1940000.0/SOLD-Apr/1990/157000.0/SOLD,0,0,0,0,0,0,0,0,0,0,0,0,0,0,0,0,0,0,0,0
27-metung-street-balwyn-vic-3103,2410000,24-Sep-2016,4,2,1,673,m2,House,https://www.domain.com.au/27-metung-street-balwyn-vic-3103-2013028151,,0.9-1-4.7,3,Sep/2016/2410000.0/SOLD-Dec/2006/1085000.0/SOLD-Sep/1994/253500.0/SOLD,0,0,0,0,0,0,0,0,0,0,0,0,0,0,0,0,0,0,0,0
8-pryton-court-balwyn-vic-3103,1560000,18-Jun-2016,4,1,3,676,m2,House,https://www.domain.com.au/8-pryton-court-balwyn-vic-3103-2012814735,,0.6-0.9-1.3,3,Apr/2021/2200000.0/SOLD-Jun/2016/1560000.0/SOLD-Mar/2007/770000.0/SOLD,0,0,0,0,0,0,0,0,0,0,0,0,0,0,0,0,0,0,0,0
262-union-road-balwyn-vic-3103,3290000,20-May-2016,4,3,2,1011,m2,House,https://www.domain.com.au/262-union-road-balwyn-vic-3103-2012742602,,0.3-1.2-1.8,3,May/2016/3290000.0/SOLD-Sep/2005/1510000.0/SOLD,0,0,0,0,0,0,0,0,0,0,0,0,0,0,0,0,0,0,0,0
34-monash-avenue-balwyn-vic-3103,1947000,17-May-2016,4,2,-1,671,m2,House,https://www.domain.com.au/34-monash-avenue-balwyn-vic-3103-2012751680,,0.9-1-4.7,3,May/2016/1947000.0/SOLD,0,0,0,0,0,0,0,0,0,0,0,0,0,0,0,0,0,0,0,0
27-nungerner-street-balwyn-vic-3103,2200000,09-May-2016,4,2,2,678,m2,House,https://www.domain.com.au/27-nungerner-street-balwyn-vic-3103-2012727284,,0.8-1-4.8,3,May/2016/750.0/SOLD-Sep/1985/2200000.0/SOLD,0,0,0,0,0,0,0,0,0,0,0,0,0,0,0,0,0,0,0,0
9-relowe-crescent-balwyn-vic-3103,2580000,04-Apr-2016,4,2,4,1236,m2,House,https://www.domain.com.au/9-relowe-crescent-balwyn-vic-3103-2012652133,,0.8-0.9-1.1,3,Apr/2016/1000.0/SOLD-May/2013/2580000.0/SOLD,0,0,0,0,0,0,0,0,0,0,0,0,0,0,0,0,0,0,0,0
1-palmer-avenue-balwyn-vic-3103,1768000,02-Apr-2016,4,2,2,609,m2,House,https://www.domain.com.au/1-palmer-avenue-balwyn-vic-3103-2012613150,,0.8-1-4.8,3,Apr/2016/1768000.0/SOLD-Feb/2015/720.0/SOLD,0,0,0,0,0,0,0,0,0,0,0,0,0,0,0,0,0,0,0,0
304-belmore-road-balwyn-vic-3103,1570500,19-Mar-2016,4,2,-1,865,m2,House,https://www.domain.com.au/304-belmore-road-balwyn-vic-3103-2012606737,,0.4-1.3-1.5,3,Mar/2016/1570500.0/SOLD-Apr/2014/1165000.0/SOLD,0,0,0,0,0,0,0,0,0,0,0,0,0,0,0,0,0,0,0,0
20-bruce-street-balwyn-vic-3103,2200000,19-Mar-2016,4,2,3,1171,m2,House,https://www.domain.com.au/20-bruce-street-balwyn-vic-3103-2012609918,Study,0.7-1.6-4,3,Mar/2016/2200000.0/SOLD,0,0,0,0,0,1,0,0,0,0,0,0,0,0,0,0,0,0,0,0
17a-northcote-avenue-balwyn-vic-3103,1950000,05-Dec-2015,4,3,2,393,m2,House,https://www.domain.com.au/17a-northcote-avenue-balwyn-vic-3103-2012406448,,0.5-1.5-1.9,3,Dec/2015/1950000.0/SOLD,0,0,0,0,0,0,0,0,0,0,0,0,0,0,0,0,0,0,0,0
9-kaleno-view-balwyn-vic-3103,1588000,21-Nov-2015,4,3,2,422,m2,House,https://www.domain.com.au/9-kaleno-view-balwyn-vic-3103-2012370195,,0.8-1-4.1,3,Nov/2015/1588000.0/SOLD-Sep/2010/1250000.0/SOLD,0,0,0,0,0,0,0,0,0,0,0,0,0,0,0,0,0,0,0,0
62-rochester-road-balwyn-vic-3103,1881000,21-Nov-2015,4,2,-1,584,m2,House,https://www.domain.com.au/62-rochester-road-balwyn-vic-3103-2012362087,Study,0.4-1.1-1.6,3,Nov/2015/1881000.0/SOLD,0,0,0,0,0,1,0,0,0,0,0,0,0,0,0,0,0,0,0,0
8-delfi-court-balwyn-vic-3103,2680000,27-Oct-2015,4,2,-1,800,m2,House,https://www.domain.com.au/8-delfi-court-balwyn-vic-3103-2013480377,,0.8-1.6-4.3,3,Oct/2015/800.0/SOLD-Oct/2010/2680000.0/SOLD,0,0,0,0,0,0,0,0,0,0,0,0,0,0,0,0,0,0,0,0
8-delfi-court-balwyn-vic-3103,2680000,27-Oct-2015,4,2,-1,800,m2,House,https://www.domain.com.au/8-delfi-court-balwyn-vic-3103-2012359216,,0.8-1.6-4.3,3,Oct/2015/800.0/SOLD-Oct/2010/2680000.0/SOLD,0,0,0,0,0,0,0,0,0,0,0,0,0,0,0,0,0,0,0,0
17-millah-road-balwyn-vic-3103,3400000,24-Oct-2015,4,3,2,590,m2,House,https://www.domain.com.au/17-millah-road-balwyn-vic-3103-2012294141,,0.3-0.9-1.7,3,Oct/2015/3400000.0/SOLD,0,0,0,0,0,0,0,0,0,0,0,0,0,0,0,0,0,0,0,0
21-threadneedle-street-balwyn-vic-3103,2210000,12-Sep-2015,4,2,2,793,m2,House,https://www.domain.com.au/21-threadneedle-street-balwyn-vic-3103-2012190099,,0.5-1.3-1.9,3,Sep/2015/750.0/SOLD,0,0,0,0,0,0,0,0,0,0,0,0,0,0,0,0,0,0,0,0
9-nott-street-balwyn-vic-3103,2555000,29-Aug-2015,4,2,2,708,m2,House,https://www.domain.com.au/9-nott-street-balwyn-vic-3103-2012168354,Study,0.8-1.1-4.6,3,Aug/2015/2555000.0/SOLD-Sep/2007/1400000.0/SOLD-Nov/1994/457500.0/SOLD,0,0,0,0,0,1,0,0,0,0,0,0,0,0,0,0,0,0,0,0
16-boston-road-balwyn-vic-3103,4200000,29-Aug-2015,4,3,2,1561,m2,House,https://www.domain.com.au/16-boston-road-balwyn-vic-3103-2012154014,,0.4-0.8-1.7,3,Jun/2018/6500000.0/SOLD-Aug/2015/4200000.0/SOLD-Apr/1992/620000.0/SOLD,0,0,0,0,0,0,0,0,0,0,0,0,0,0,0,0,0,0,0,0
2-angle-road-balwyn-vic-3103,2660000,08-Aug-2015,4,2,-1,560,m2,House,https://www.domain.com.au/2-angle-road-balwyn-vic-3103-2012094052,Study,0.8-1-1.9,3,,0,0,0,0,0,1,0,0,0,0,0,0,0,0,0,0,0,0,0,0
5-carmel-court-balwyn-vic-3103,1960000,14-Jul-2015,4,2,2,607,m2,House,https://www.domain.com.au/5-carmel-court-balwyn-vic-3103-2012024567,,0.8-1.7-1.8,3,Jul/2015/600.0/SOLD,0,0,0,0,0,0,0,0,0,0,0,0,0,0,0,0,0,0,0,0
41-hilda-street-balwyn-vic-3103,2608000,27-Jun-2015,4,2,2,843,m2,House,https://www.domain.com.au/41-hilda-street-balwyn-vic-3103-2012005539,Built in wardrobes-Close to schools-Close to shops-Close to transport-Fireplace(s)-Formal Lounge-Garden-Floorboards-Secure Parking-Separate Dining-Study,0.9-1-4.5,3,Jun/2015/2608000.0/SOLD-Jan/1994/197500.0/SOLD,0,0,0,1,1,1,1,1,1,0,0,0,0,0,0,1,0,0,0,0
16-elliott-avenue-balwyn-vic-3103,2218000,20-Jun-2015,4,2,3,662,m2,House,https://www.domain.com.au/16-elliott-avenue-balwyn-vic-3103-2012003539,,1-1-4.7,3,Jun/2015/2218000.0/SOLD,0,0,0,0,0,0,0,0,0,0,0,0,0,0,0,0,0,0,0,0
19-freeman-street-balwyn-vic-3103,2442500,13-Jun-2015,4,1,2,714,m2,House,https://www.domain.com.au/19-freeman-street-balwyn-vic-3103-2011989184,,0.9-1.1-4.6,3,Nov/2020/2465000.0/SOLD-Oct/2017/3000000.0/SOLD,0,0,0,0,0,0,0,0,0,0,0,0,0,0,0,0,0,0,0,0
324-union-road-balwyn-vic-3103,1500000,13-Jun-2015,4,1,2,610,m2,House,https://www.domain.com.au/324-union-road-balwyn-vic-3103-2011982294,,0.6-1-1.5,3,Nov/2016/2860000.0/SOLD-Jun/2015/1500000.0/SOLD,0,0,0,0,0,0,0,0,0,0,0,0,0,0,0,0,0,0,0,0
134-whitehorse-road-balwyn-vic-3103,2010000,30-May-2015,4,2,1,841,m2,House,https://www.domain.com.au/134-whitehorse-road-balwyn-vic-3103-2011957023,Study,0.8-0.9-2,3,,0,0,0,0,0,1,0,0,0,0,0,0,0,0,0,0,0,0,0,0
15-bruce-street-balwyn-vic-3103,1751000,23-May-2015,4,2,3,598,m2,House,https://www.domain.com.au/15-bruce-street-balwyn-vic-3103-2011931628,,0.7-1.6-4,3,Aug/2017/1900000.0/SOLD-May/2015/1751000.0/SOLD,0,0,0,0,0,0,0,0,0,0,0,0,0,0,0,0,0,0,0,0
5-salford-avenue-balwyn-vic-3103,2250000,14-Mar-2015,4,2,2,578,m2,House,https://www.domain.com.au/5-salford-avenue-balwyn-vic-3103-2011771863,,0.4-0.8-1.6,3,Mar/2015/2250000.0/SOLD-Dec/1998/376000.0/SOLD-Sep/1985/174000.0/SOLD,0,0,0,0,0,0,0,0,0,0,0,0,0,0,0,0,0,0,0,0
146-yarrbat-avenue-balwyn-vic-3103,3500000,28-Feb-2015,4,3,3,1614,m2,House,https://www.domain.com.au/146-yarrbat-avenue-balwyn-vic-3103-2011741907,,0.4-1-1.6,3,,0,0,0,0,0,0,0,0,0,0,0,0,0,0,0,0,0,0,0,0
16-naroo-street-balwyn-vic-3103,1580000,15-Nov-2014,4,1,2,603,m2,House,https://www.domain.com.au/16-naroo-street-balwyn-vic-3103-2011522550,,0.8-1-4.8,3,Nov/2014/1580000.0/SOLD-Mar/1992/193000.0/SOLD-Sep/1976/43500.0/SOLD,0,0,0,0,0,0,0,0,0,0,0,0,0,0,0,0,0,0,0,0
3-delfi-court-balwyn-vic-3103,2330000,09-Aug-2014,4,2,2,912,m2,House,https://www.domain.com.au/3-delfi-court-balwyn-vic-3103-2011302807,,0.9-1.5-4.2,3,Oct/2020/2880000.0/SOLD,0,0,0,0,0,0,0,0,0,0,0,0,0,0,0,0,0,0,0,0
16-clayton-road-balwyn-vic-3103,1610000,09-Aug-2014,4,2,5,674,m2,House,https://www.domain.com.au/16-clayton-road-balwyn-vic-3103-2011303974,,0.6-1.6-1.8,3,Aug/2014/1610000.0/SOLD-Dec/1995/390000.0/SOLD-Sep/1992/166500.0/SOLD,0,0,0,0,0,0,0,0,0,0,0,0,0,0,0,0,0,0,0,0
21-nott-street-balwyn-vic-3103,1675000,21-Jun-2014,4,2,2,740,m2,House,https://www.domain.com.au/21-nott-street-balwyn-vic-3103-2011208828,,0.9-1-4.5,3,Jun/2014/1675000.0/SOLD-Aug/2005/701000.0/SOLD-Jun/2001/506000.0/SOLD,0,0,0,0,0,0,0,0,0,0,0,0,0,0,0,0,0,0,0,0
2-connell-court-balwyn-vic-3103,1550000,10-May-2014,4,3,3,838,m2,House,https://www.domain.com.au/2-connell-court-balwyn-vic-3103-2011105093,,0.4-1.6-2.3,3,May/2014/1550000.0/SOLD,0,0,0,0,0,0,0,0,0,0,0,0,0,0,0,0,0,0,0,0
26-naroo-street-balwyn-vic-3103,750000,17-Apr-2014,4,3,2,428,m2,House,https://www.domain.com.au/26-naroo-street-balwyn-vic-3103-2011044316,,0.7-1.1-4.9,3,Apr/2014/750000.0/SOLD,0,0,0,0,0,0,0,0,0,0,0,0,0,0,0,0,0,0,0,0
78-yerrin-street-balwyn-vic-3103,2050000,14-Apr-2014,4,4,3,730,m2,House,https://www.domain.com.au/78-yerrin-street-balwyn-vic-3103-2011022608,Air conditioning-Ensuite-Alarm System-Deck-Alarm/Security System-Remote Garage-Secure Parking-Built in wardrobes-Dishwasher-Ducted Heating-Evaporative Cooling,1-1.1-4,3,Apr/2014/1000.0/SOLD,1,1,0,1,1,0,0,0,0,0,0,0,1,1,1,0,1,0,0,0
304-belmore-road-balwyn-vic-3103,1165000,12-Apr-2014,4,2,1,865,m2,House,https://www.domain.com.au/304-belmore-road-balwyn-vic-3103-2011066601,,0.4-1.3-1.5,3,Mar/2016/1570500.0/SOLD-Apr/2014/1165000.0/SOLD,0,0,0,0,0,0,0,0,0,0,0,0,0,0,0,0,0,0,0,0
13-pretoria-street-balwyn-vic-3103,1535000,15-Mar-2014,4,1,2,673,m2,House,https://www.domain.com.au/13-pretoria-street-balwyn-vic-3103-2010994146,,0.4-1.6-5.4,3,,0,0,0,0,0,0,0,0,0,0,0,0,0,0,0,0,0,0,0,0
17-head-street-balwyn-vic-3103,1150000,14-Dec-2013,4,2,2,575,m2,House,https://www.domain.com.au/17-head-street-balwyn-vic-3103-2010838176,,0.8-0.8-4.8,3,Dec/2013/1150000.0/SOLD-Feb/1977/4100.0/SOLD,0,0,0,0,0,0,0,0,0,0,0,0,0,0,0,0,0,0,0,0
314-belmore-road-;--corner-fitzgerald-street-balwyn-vic-3103,1165000,30-Nov-2013,4,2,2,442,m2,House,https://www.domain.com.au/314-belmore-road-corner-fitzgerald-street-balwyn-vic-3103-2010796916,,0.5-1.2-1.4,3,,0,0,0,0,0,0,0,0,0,0,0,0,0,0,0,0,0,0,0,0
4-salford-avenue-balwyn-vic-3103,1800000,07-Sep-2013,4,2,2,817,m2,House,https://www.domain.com.au/4-salford-avenue-balwyn-vic-3103-2010636475,,0.3-0.9-1.7,3,Sep/2013/1800000.0/SOLD-Jun/1979/127000.0/SOLD,0,0,0,0,0,0,0,0,0,0,0,0,0,0,0,0,0,0,0,0
26-elliott-avenue-balwyn-vic-3103,1600000,07-Sep-2013,4,2,1,676,m2,House,https://www.domain.com.au/26-elliott-avenue-balwyn-vic-3103-2010633797,BALWYN HIGH ZONE,1-1.1-4.7,3,Sep/2013/1600000.0/SOLD,0,0,0,0,0,0,0,0,0,0,0,0,0,0,0,0,0,0,0,0
51-yongala-street-balwyn-vic-3103,1620000,30-Jul-2013,4,2,2,769,m2,House,https://www.domain.com.au/51-yongala-street-balwyn-vic-3103-2010568184,,0.8-1-4.4,3,Jul/2013/1620000.0/SOLD-May/2010/1450000.0/SOLD-Dec/1978/56000.0/SOLD,0,0,0,0,0,0,0,0,0,0,0,0,0,0,0,0,0,0,0,0
69-gordon-street-balwyn-vic-3103,1810000,27-Jul-2013,4,2,-1,793,m2,House,https://www.domain.com.au/69-gordon-street-balwyn-vic-3103-2010549339,,0.8-1.2-5,3,Jul/2013/630.0/SOLD-Mar/1976/1810000.0/SOLD,0,0,0,0,0,0,0,0,0,0,0,0,0,0,0,0,0,0,0,0
1-elliott-avenue-balwyn-vic-3103,2210000,15-Jun-2013,4,3,2,760,m2,House,https://www.domain.com.au/1-elliott-avenue-balwyn-vic-3103-2010470056,,1-1.1-4.8,3,Jun/2013/2210000.0/SOLD-Oct/1989/183500.0/SOLD,0,0,0,0,0,0,0,0,0,0,0,0,0,0,0,0,0,0,0,0
1-deepdene-place-balwyn-vic-3103,1410000,27-May-2013,4,2,2,585,m2,House,https://www.domain.com.au/1-deepdene-place-balwyn-vic-3103-2010058813,,0.5-1.1-2,3,,0,0,0,0,0,0,0,0,0,0,0,0,0,0,0,0,0,0,0,0
6-sevenoaks-street-balwyn-vic-3103,1595000,25-May-2013,4,2,2,755,m2,House,https://www.domain.com.au/6-sevenoaks-street-balwyn-vic-3103-2010423584,,1-1.1-4.8,3,May/2013/1595000.0/SOLD-Dec/1993/245000.0/SOLD,0,0,0,0,0,0,0,0,0,0,0,0,0,0,0,0,0,0,0,0
13-winmalee-road-balwyn-vic-3103,2400000,09-May-2013,4,5,2,775,m2,House,https://www.domain.com.au/13-winmalee-road-balwyn-vic-3103-2010030444,,0.9-1.2-4.2,3,May/2013/2400000.0/SOLD-Nov/2008/2100000.0/SOLD-Jul/2005/677000.0/SOLD,0,0,0,0,0,0,0,0,0,0,0,0,0,0,0,0,0,0,0,0
48-fitzgerald-street-balwyn-vic-3103,1050000,04-May-2013,4,2,2,727,m2,House,https://www.domain.com.au/48-fitzgerald-street-balwyn-vic-3103-2010391655,,0.5-1.1-1.4,3,May/2013/1050000.0/SOLD,0,0,0,0,0,0,0,0,0,0,0,0,0,0,0,0,0,0,0,0
88-belmore-road-balwyn-vic-3103,2750000,08-Apr-2013,4,4,2,819,m2,House,https://www.domain.com.au/88-belmore-road-balwyn-vic-3103-2010337027,,0.6-0.7-4.3,3,Apr/2013/2750000.0/SOLD-Apr/2008/1020000.0/SOLD-May/1976/63000.0/SOLD,0,0,0,0,0,0,0,0,0,0,0,0,0,0,0,0,0,0,0,0
54-banool-road-balwyn-vic-3103,1253800,28-Mar-2013,4,2,2,600,m2,House,https://www.domain.com.au/54-banool-road-balwyn-vic-3103-2010211247,,0.5-1.7-2.2,3,Feb/2013/1253800.0/SOLD,0,0,0,0,0,0,0,0,0,0,0,0,0,0,0,0,0,0,0,0
34-birdwood-street-balwyn-vic-3103,1680000,23-Feb-2013,4,1,2,1248,m2,House,https://www.domain.com.au/34-birdwood-street-balwyn-vic-3103-2010165935,,0.7-1.1-4.8,3,Feb/2013/1680000.0/SOLD,0,0,0,0,0,0,0,0,0,0,0,0,0,0,0,0,0,0,0,0
171-gordon-street-balwyn-vic-3103,1100000,23-Feb-2013,4,1,2,557,m2,House,https://www.domain.com.au/171-gordon-street-balwyn-vic-3103-2010196165,,0.5-1.3-4.6,3,,0,0,0,0,0,0,0,0,0,0,0,0,0,0,0,0,0,0,0,0
354-union-road-balwyn-vic-3103,805000,12-Feb-2013,4,1,2,520,m2,House,https://www.domain.com.au/354-union-road-balwyn-vic-3103-2010118136,,0.6-1.1-1.3,3,,0,0,0,0,0,0,0,0,0,0,0,0,0,0,0,0,0,0,0,0
18-yongala-street-balwyn-vic-3103,2370000,05-Jan-2013,4,4,2,601,m2,House,https://www.domain.com.au/18-yongala-street-balwyn-vic-3103-2010070444,,0.9-1-4.3,3,Mar/2018/2888000.0/SOLD-Jan/2013/2370000.0/SOLD-Jun/2010/1105000.0/SOLD,0,0,0,0,0,0,0,0,0,0,0,0,0,0,0,0,0,0,0,0
2-belgrove-avenue-balwyn-vic-3103,1185000,10-Nov-2012,4,2,2,651,m2,House,https://www.domain.com.au/2-belgrove-avenue-balwyn-vic-3103-2010055874,,0.9-1.1-4.2,3,Nov/2014/3730000.0/SOLD-Nov/2012/1185000.0/SOLD,0,0,0,0,0,0,0,0,0,0,0,0,0,0,0,0,0,0,0,0
21-23-fitzgerald-street-;--cnr-winmalee-road-balwyn-vic-3103,1800000,08-Sep-2012,4,2,3,1252,m2,House,https://www.domain.com.au/21-23-fitzgerald-street-cnr-winmalee-road-balwyn-vic-3103-2009741021,,0.6-1.1-1.6,3,,0,0,0,0,0,0,0,0,0,0,0,0,0,0,0,0,0,0,0,0
17-kenilworth-street-balwyn-vic-3103,940000,25-Aug-2012,4,2,1,720,m2,House,https://www.domain.com.au/17-kenilworth-street-balwyn-vic-3103-2009884229,,0.6-1.3-1.6,3,Mar/2020/2805000.0/SOLD-Feb/2018/2560000.0/SOLD,0,0,0,0,0,0,0,0,0,0,0,0,0,0,0,0,0,0,0,0
63-yarrbat-avenue-balwyn-vic-3103,1038000,23-Jul-2012,4,1,1,657,m2,House,https://www.domain.com.au/63-yarrbat-avenue-balwyn-vic-3103-2009625624,,0.9-1.7-4.3,3,Jul/2016/5400000.0/SOLD-Jul/2012/1038000.0/SOLD,0,0,0,0,0,0,0,0,0,0,0,0,0,0,0,0,0,0,0,0
205a-whitehorse-road-balwyn-vic-3103,972500,08-Feb-2012,4,2,2,387,m2,House,https://www.domain.com.au/205a-whitehorse-road-balwyn-vic-3103-2009329066,,0.7-1.6-5.2,3,Aug/2014/1050000.0/SOLD-Feb/2012/972500.0/SOLD-Feb/2005/602500.0/SOLD,0,0,0,0,0,0,0,0,0,0,0,0,0,0,0,0,0,0,0,0
13-metung-street-balwyn-vic-3103,1275000,08-Oct-2011,4,2,2,680,m2,House,https://www.domain.com.au/13-metung-street-balwyn-vic-3103-2009224624,,0.9-1.1-4.8,3,Oct/2011/710.0/SOLD,0,0,0,0,0,0,0,0,0,0,0,0,0,0,0,0,0,0,0,0
50-banool-road-balwyn-vic-3103,910000,30-Aug-2011,4,1,2,645,m2,House,https://www.domain.com.au/50-banool-road-balwyn-vic-3103-2009145706,,0.4-1.7-2.3,3,Nov/2019/1850000.0/SOLD-Feb/2016/575.0/SOLD,0,0,0,0,0,0,0,0,0,0,0,0,0,0,0,0,0,0,0,0
92-yarrbat-avenue-balwyn-vic-3103,1500000,27-Aug-2011,4,2,2,819,m2,House,https://www.domain.com.au/92-yarrbat-avenue-balwyn-vic-3103-2009110252,,0.8-1.6-2,3,Jan/2021/6150000.0/SOLD-Dec/2016/2450000.0/SOLD,0,0,0,0,0,0,0,0,0,0,0,0,0,0,0,0,0,0,0,0
26-yongala-street-balwyn-vic-3103,1400000,20-Aug-2011,4,2,2,603,m2,House,https://www.domain.com.au/26-yongala-street-balwyn-vic-3103-2009130458,,0.9-1-4.3,3,Aug/2011/770.0/SOLD-Aug/1992/1400000.0/SOLD,0,0,0,0,0,0,0,0,0,0,0,0,0,0,0,0,0,0,0,0
327-union-road-balwyn-vic-3103,1155000,09-Aug-2011,4,1,2,929,m2,House,https://www.domain.com.au/327-union-road-balwyn-vic-3103-2008979723,,0.7-1-1.4,3,,0,0,0,0,0,0,0,0,0,0,0,0,0,0,0,0,0,0,0,0
4-carmel-court-balwyn-vic-3103,1600000,01-Oct-2010,4,3,2,617,m2,House,https://www.domain.com.au/4-carmel-court-balwyn-vic-3103-2008563468,,0.8-1.7-1.9,3,Sep/2010/1600000.0/SOLD-Nov/2008/1200.0/SOLD,0,0,0,0,0,0,0,0,0,0,0,0,0,0,0,0,0,0,0,0
29-narrak-road-balwyn-vic-3103,1400000,06-Aug-2010,4,2,2,643,m2,House,https://www.domain.com.au/29-narrak-road-balwyn-vic-3103-2008432833,,0.7-1.5-2.2,3,Aug/2010/1400000.0/SOLD-Mar/2007/829500.0/SOLD,0,0,0,0,0,0,0,0,0,0,0,0,0,0,0,0,0,0,0,0
7-salford-avenue-balwyn-vic-3103,4000000,06-Nov-2021,5,3,2,809,m2,House,https://www.domain.com.au/7-salford-avenue-balwyn-vic-3103-2017348703,,0.4-0.8-1.6,3,Nov/2021/4000000.0/SOLD-Jan/2007/2029999.9999999998/SOLD-Dec/1995/375000.0/SOLD,0,0,0,0,0,0,0,0,0,0,0,0,0,0,0,0,0,0,0,0
38-relowe-crescent-balwyn-vic-3103,2830000,26-Jun-2021,6,2,2,1170,m2,House,https://www.domain.com.au/38-relowe-crescent-balwyn-vic-3103-2016987464,,0.7-1-1.1,3,,0,0,0,0,0,0,0,0,0,0,0,0,0,0,0,0,0,0,0,0
19-birdwood-street-balwyn-vic-3103,2860000,28-Mar-2021,6,3,2,697,m2,House,https://www.domain.com.au/19-birdwood-street-balwyn-vic-3103-2016820780,,0.7-0.9-4.9,3,Mar/2021/2860000.0/SOLD-Apr/2017/2680000.0/SOLD,0,0,0,0,0,0,0,0,0,0,0,0,0,0,0,0,0,0,0,0
9-kenilworth-street-balwyn-vic-3103,2475000,27-Mar-2021,5,3,2,643,m2,House,https://www.domain.com.au/9-kenilworth-street-balwyn-vic-3103-2016833196,Ensuite,0.5-1.3-1.6,3,Mar/2021/2475000.0/SOLD-Jul/2017/2390000.0/SOLD,0,0,0,0,0,0,0,0,0,0,0,0,0,0,0,0,0,0,0,0
9-bevan-street-balwyn-vic-3103,3560000,23-Dec-2020,5,5,3,654,m2,House,https://www.domain.com.au/9-bevan-street-balwyn-vic-3103-2016671998,Study,0.6-0.8-1.9,3,Dec/2020/3560000.0/SOLD-Dec/2013/2255000.0/SOLD-Nov/2004/751000.0/SOLD,0,0,0,0,0,1,0,0,0,0,0,0,0,0,0,0,0,0,0,0
12-carrigal-street-balwyn-vic-3103,2200000,15-Dec-2020,5,3,3,714,m2,House,https://www.domain.com.au/12-carrigal-street-balwyn-vic-3103-2016528456,Study,0.5-1.2-1.5,3,Oct/2020/2200000.0/SOLD-Apr/1997/340000.0/SOLD-May/1991/215000.0/SOLD,0,0,0,0,0,1,0,0,0,0,0,0,0,0,0,0,0,0,0,0
31-talbot-avenue-balwyn-vic-3103,2740000,12-May-2020,5,3,2,801,m2,House,https://www.domain.com.au/31-talbot-avenue-balwyn-vic-3103-2016226022,,0.5-1.4-1.9,3,May/2020/2740000.0/SOLD-Apr/1998/520000.0/SOLD-Jul/1996/413000.0/SOLD,0,0,0,0,0,0,0,0,0,0,0,0,0,0,0,0,0,0,0,0
16-bevan-street-balwyn-vic-3103,4308000,30-Mar-2020,6,4,4,652,m2,House,https://www.domain.com.au/16-bevan-street-balwyn-vic-3103-2016115691,,0.6-0.8-1.9,3,Mar/2020/4308000.0/SOLD-Nov/1998/375000.0/SOLD-Apr/1982/126000.0/SOLD,0,0,0,0,0,0,0,0,0,0,0,0,0,0,0,0,0,0,0,0
30-elliott-avenue-balwyn-vic-3103,3752000,30-Mar-2020,5,5,4,676,m2,House,https://www.domain.com.au/30-elliott-avenue-balwyn-vic-3103-2016125014,,0.9-1.1-4.6,3,Mar/2020/3752000.0/SOLD-Jun/2011/1700.0/SOLD,0,0,0,0,0,0,0,0,0,0,0,0,0,0,0,0,0,0,0,0
17-kenilworth-street-balwyn-vic-3103,2805000,03-Mar-2020,5,4,2,720,m2,House,https://www.domain.com.au/17-kenilworth-street-balwyn-vic-3103-2016017107,Internal Laundry*-Intercom*-Heating*-Shed*-Air conditioning-Built in wardrobes-Close to schools-Close to shops-Close to transport-Security Alarm-Garden-Secure Parking-Floorboards-Formal Lounge-Separate Dining-Study,0.5-1.3-1.6,3,Mar/2020/2805000.0/SOLD-Feb/2018/2560000.0/SOLD,1,1,1,1,1,1,1,1,1,0,0,0,0,0,1,1,0,0,0,0
1-4/74-belmore-road-balwyn-vic-3103,2350000,14-Dec-2019,9,4,4,909,m2,House,https://www.domain.com.au/1-4-74-belmore-road-balwyn-vic-3103-2015894961,Internal Laundry*-Heating*-Garden*,0.8-0.9-4,3,,1,0,1,0,0,0,0,0,0,0,0,0,0,0,0,1,0,0,0,0
3-narrak-road-balwyn-vic-3103,2260000,14-Dec-2019,5,3,2,648,m2,House,https://www.domain.com.au/3-narrak-road-balwyn-vic-3103-2015794295,,0.5-1.6-2.4,3,Dec/2019/950.0/SOLD,0,0,0,0,0,0,0,0,0,0,0,0,0,0,0,0,0,0,0,0
25-threadneedle-street-balwyn-vic-3103,3030000,07-Dec-2019,5,4,3,878,m2,House,https://www.domain.com.au/25-threadneedle-street-balwyn-vic-3103-2015863603,,0.6-1.4-1.9,3,May/2009/1800000.0/SOLD-Jan/2005/939000.0/SOLD,0,0,0,0,0,0,0,0,0,0,0,0,0,0,0,0,0,0,0,0
42-elliott-avenue-balwyn-vic-3103,4100000,04-Dec-2019,5,4,3,668,m2,House,https://www.domain.com.au/42-elliott-avenue-balwyn-vic-3103-2015838294,Ensuite-Study,0.8-1-4.6,3,Dec/2019/4099999.9999999995/SOLD-Apr/2016/2060000.0/SOLD-May/2008/1110000.0/SOLD,0,0,0,0,0,1,0,0,0,0,0,0,0,0,0,0,0,0,0,0
49-narrak-road-balwyn-vic-3103,3808000,30-Nov-2019,5,5,3,1003,m2,House,https://www.domain.com.au/49-narrak-road-balwyn-vic-3103-2015748952,,0.8-1.4-2.1,3,Nov/2019/3808000.0/SOLD-Mar/2005/1380000.0/SOLD-Sep/2002/1210000.0/SOLD,0,0,0,0,0,0,0,0,0,0,0,0,0,0,0,0,0,0,0,0
1-yonga-road-balwyn-vic-3103,2525000,14-Sep-2019,5,3,2,718,m2,House,https://www.domain.com.au/1-yonga-road-balwyn-vic-3103-2015533005,,0.8-1.6-2.1,3,Sep/2019/2525000.0/SOLD-Nov/2013/1506000.0/SOLD-Mar/2005/803000.0/SOLD,0,0,0,0,0,0,0,0,0,0,0,0,0,0,0,0,0,0,0,0
12-yongala-street-balwyn-vic-3103,3750000,09-Sep-2019,5,4,4,605,m2,House,https://www.domain.com.au/12-yongala-street-balwyn-vic-3103-2015314973,,0.9-1-4.3,3,Sep/2019/3750000.0/SOLD-Apr/2016/1700000.0/SOLD,0,0,0,0,0,0,0,0,0,0,0,0,0,0,0,0,0,0,0,0
1-woods-street-balwyn-vic-3103,3130000,18-Mar-2019,7,7,4,965,m2,House,https://www.domain.com.au/1-woods-street-balwyn-vic-3103-2014920354,,0.8-1.3-3.9,3,Mar/2019/3130000.0/SOLD-Jun/2016/1765000.0/SOLD,0,0,0,0,0,0,0,0,0,0,0,0,0,0,0,0,0,0,0,0
50-yongala-street-balwyn-vic-3103,4200000,14-Mar-2019,6,5,4,778,m2,House,https://www.domain.com.au/50-yongala-street-balwyn-vic-3103-2014803324,,0.9-1-4.4,3,Mar/2019/4200000.0/SOLD-Apr/2014/1810000.0/SOLD,0,0,0,0,0,0,0,0,0,0,0,0,0,0,0,0,0,0,0,0
46-weir-street-balwyn-vic-3103,2560000,23-Feb-2019,5,3,4,946,m2,House,https://www.domain.com.au/46-weir-street-balwyn-vic-3103-2014905020,,0.3-1.4-2.1,3,Feb/2019/870.0/SOLD,0,0,0,0,0,0,0,0,0,0,0,0,0,0,0,0,0,0,0,0
90-belmore-road-balwyn-vic-3103,3200000,11-Nov-2018,5,4,2,716,m2,House,https://www.domain.com.au/90-belmore-road-balwyn-vic-3103-2014592436,Study,0.6-0.7-4.3,3,Nov/2018/3200000.0/SOLD-Aug/2013/2950000.0/SOLD,0,0,0,0,0,1,0,0,0,0,0,0,0,0,0,0,0,0,0,0
16-henley-street-balwyn-vic-3103,2500000,09-Nov-2018,5,3,3,712,m2,House,https://www.domain.com.au/16-henley-street-balwyn-vic-3103-2014671762,,0.9-1-4.6,3,Nov/2018/2500000.0/SOLD-Oct/2011/1720000.0/SOLD-May/1997/260500.0/SOLD,0,0,0,0,0,0,0,0,0,0,0,0,0,0,0,0,0,0,0,0
15-boston-road-balwyn-vic-3103,3600000,18-Oct-2018,5,3,2,826,m2,House,https://www.domain.com.au/15-boston-road-balwyn-vic-3103-2014523121,,0.5-0.7-1.7,3,Oct/2018/3600000.0/SOLD-Jan/2012/3300000.0/SOLD,0,0,0,0,0,0,0,0,0,0,0,0,0,0,0,0,0,0,0,0
166-gordon-street-balwyn-vic-3103,4360000,01-Sep-2018,5,4,2,657,m2,House,https://www.domain.com.au/166-gordon-street-balwyn-vic-3103-2014554010,,0.5-1.3-4.6,3,Sep/2018/4360000.0/SOLD-Jan/2017/2100000.0/SOLD,0,0,0,0,0,0,0,0,0,0,0,0,0,0,0,0,0,0,0,0
15-winmalee-road-balwyn-vic-3103,2730000,28-Aug-2018,5,3,2,780,m2,House,https://www.domain.com.au/15-winmalee-road-balwyn-vic-3103-2014425877,,0.9-1.2-4.2,3,Aug/2018/2730000.0/SOLD-Sep/2015/2475000.0/SOLD-Sep/2013/1800000.0/SOLD,0,0,0,0,0,0,0,0,0,0,0,0,0,0,0,0,0,0,0,0
24-narrak-road-balwyn-vic-3103,1884000,07-Aug-2018,5,3,2,584,m2,House,https://www.domain.com.au/24-narrak-road-balwyn-vic-3103-2014475084,Air conditioning-Internal Laundry-Dishwasher-Study-Fully fenced-Garden / Courtyard,0.6-1.5-2,3,Jul/2018/1884000.0/SOLD-Aug/2004/891000.0/SOLD-Feb/1997/451000.0/SOLD,0,1,1,0,0,1,0,0,0,0,1,0,1,0,0,1,0,0,0,0
6-birdwood-street-balwyn-vic-3103,2811000,27-Jul-2018,5,3,2,692,m2,House,https://www.domain.com.au/6-birdwood-street-balwyn-vic-3103-2014506004,,0.6-0.9-5,3,Jul/2018/2811000.0/SOLD-Oct/2015/2500000.0/SOLD-Dec/2006/1500000.0/SOLD,0,0,0,0,0,0,0,0,0,0,0,0,0,0,0,0,0,0,0,0
20-nungerner-street-balwyn-vic-3103,2390000,06-Jun-2018,5,2,3,678,m2,House,https://www.domain.com.au/20-nungerner-street-balwyn-vic-3103-2014151595,,0.8-1.1-4.9,3,Jun/2018/950.0/SOLD-Sep/2008/2390000.0/SOLD,0,0,0,0,0,0,0,0,0,0,0,0,0,0,0,0,0,0,0,0
23-wills-street-balwyn-vic-3103,4080000,31-May-2018,5,5,2,846,m2,House,https://www.domain.com.au/23-wills-street-balwyn-vic-3103-2014391771,,0.6-1-5,3,May/2018/4080000.0/SOLD-Jun/2017/2261000.0/SOLD-May/2016/1912000.0/SOLD,0,0,0,0,0,0,0,0,0,0,0,0,0,0,0,0,0,0,0,0
54-elliott-avenue-balwyn-vic-3103,3358000,30-May-2018,5,3,3,603,m2,House,https://www.domain.com.au/54-elliott-avenue-balwyn-vic-3103-2014372458,,0.7-0.9-4.5,3,May/2018/3358000.0/SOLD-May/1995/165000.0/SOLD-Oct/1994/193500.0/SOLD,0,0,0,0,0,0,0,0,0,0,0,0,0,0,0,0,0,0,0,0
54-elliott-avenue-balwyn-vic-3103,3358000,30-May-2018,5,3,3,603,m2,House,https://www.domain.com.au/54-elliott-avenue-balwyn-vic-3103-2014319616,,0.7-0.9-4.5,3,May/2018/3358000.0/SOLD-May/1995/165000.0/SOLD-Oct/1994/193500.0/SOLD,0,0,0,0,0,0,0,0,0,0,0,0,0,0,0,0,0,0,0,0
17-relowe-crescent-balwyn-vic-3103,2801000,14-Mar-2018,5,2,2,1280,m2,House,https://www.domain.com.au/17-relowe-crescent-balwyn-vic-3103-2014182923,,0.7-0.9-1.1,3,Mar/2018/2801000.0/SOLD-Nov/2004/650000.0/SOLD-Nov/2000/362000.0/SOLD,0,0,0,0,0,0,0,0,0,0,0,0,0,0,0,0,0,0,0,0
96-rochester-road-balwyn-vic-3103,4400000,27-Oct-2017,6,6,2,708,m2,House,https://www.domain.com.au/96-rochester-road-balwyn-vic-3103-2013898270,,0.2-1.2-1.9,3,Oct/2017/4400000.0/SOLD-Aug/2013/1432500.0/SOLD,0,0,0,0,0,0,0,0,0,0,0,0,0,0,0,0,0,0,0,0
12-jersey-street-balwyn-vic-3103,3005000,21-Oct-2017,5,4,2,696,m2,House,https://www.domain.com.au/12-jersey-street-balwyn-vic-3103-2013863280,,0.4-0.8-1.8,3,Oct/2017/3005000.0/SOLD-Dec/2014/2400000.0/SOLD-Apr/1994/275000.0/SOLD,0,0,0,0,0,0,0,0,0,0,0,0,0,0,0,0,0,0,0,0
8-yarrbat-avenue-balwyn-vic-3103,3350000,21-Oct-2017,5,4,2,600,m2,House,https://www.domain.com.au/8-yarrbat-avenue-balwyn-vic-3103-2013876819,,0.5-1.4-4.6,3,Oct/2017/3350000.0/SOLD-Dec/2014/2350000.0/SOLD-Oct/2009/1101000.0/SOLD,0,0,0,0,0,0,0,0,0,0,0,0,0,0,0,0,0,0,0,0
8a-madang-avenue-balwyn-vic-3103,2780000,23-Sep-2017,5,4,2,603,m2,House,https://www.domain.com.au/8a-madang-avenue-balwyn-vic-3103-2013791235,,0.5-0.8-1.3,3,Sep/2017/2780000.0/SOLD,0,0,0,0,0,0,0,0,0,0,0,0,0,0,0,0,0,0,0,0
6-knutsford-street-balwyn-vic-3103,5930000,05-Sep-2017,6,4,2,1500,m2,House,https://www.domain.com.au/6-knutsford-street-balwyn-vic-3103-2013773487,,0.6-0.7-1.7,3,Sep/2017/5930000.0/SOLD-Aug/2003/1850000.0/SOLD,0,0,0,0,0,0,0,0,0,0,0,0,0,0,0,0,0,0,0,0
6-yandilla-street-balwyn-vic-3103,2300000,22-Aug-2017,6,3,2,845,m2,House,https://www.domain.com.au/6-yandilla-street-balwyn-vic-3103-2013740002,,0.6-1.3-1.7,3,Jul/2020/2049999.9999999998/SOLD-Aug/2017/2300000.0/SOLD,0,0,0,0,0,0,0,0,0,0,0,0,0,0,0,0,0,0,0,0
17-percy-street-balwyn-vic-3103,2562000,19-Aug-2017,5,3,2,671,m2,House,https://www.domain.com.au/17-percy-street-balwyn-vic-3103-2013738990,,0.8-1.4-5,3,Aug/2017/2562000.0/SOLD-May/1993/370000.0/SOLD-Aug/1988/420000.0/SOLD,0,0,0,0,0,0,0,0,0,0,0,0,0,0,0,0,0,0,0,0
5-tedstone-crescent-balwyn-vic-3103,2400000,19-Aug-2017,5,3,2,785,m2,House,https://www.domain.com.au/5-tedstone-crescent-balwyn-vic-3103-2013677390,,0.5-1.5-5,3,Aug/2017/2400000.0/SOLD-Jun/1986/135000.0/SOLD,0,0,0,0,0,0,0,0,0,0,0,0,0,0,0,0,0,0,0,0
23-hertford-crescent-balwyn-vic-3103,3300000,16-Aug-2017,5,5,2,570,m2,House,https://www.domain.com.au/23-hertford-crescent-balwyn-vic-3103-2013773014,,0.6-1.6-2.2,3,Aug/2017/3300000.0/SOLD-Nov/2016/3300000.0/SOLD,0,0,0,0,0,0,0,0,0,0,0,0,0,0,0,0,0,0,0,0
27-burroughs-road-balwyn-vic-3103,3812000,29-Jul-2017,5,4,2,729,m2,House,https://www.domain.com.au/27-burroughs-road-balwyn-vic-3103-2013694922,Heating-Ensuite-Alarm System-Intercom-Balcony / Deck-Built in wardrobes-Dishwasher-Floorboards-Study-City Views,0.5-1.5-1.9,3,Jul/2017/3812000.0/SOLD-Dec/2013/3270000.0/SOLD-Sep/2009/1175000.0/SOLD,1,0,0,1,0,1,0,0,0,0,0,0,1,0,1,0,1,1,0,0
5-rogerson-court-balwyn-vic-3103,2480400,05-Jul-2017,6,4,2,959,m2,House,https://www.domain.com.au/5-rogerson-court-balwyn-vic-3103-2013632548,,0.9-1.4-4.1,3,,0,0,0,0,0,0,0,0,0,0,0,0,0,0,0,0,0,0,0,0
30-monash-avenue-balwyn-vic-3103,4308000,15-May-2017,5,5,2,669,m2,House,https://www.domain.com.au/30-monash-avenue-balwyn-vic-3103-2013502673,,1-1-4.7,3,May/2017/4308000.0/SOLD-Jun/2014/1700000.0/SOLD,0,0,0,0,0,0,0,0,0,0,0,0,0,0,0,0,0,0,0,0
18-metung-street-balwyn-vic-3103,3600000,03-Dec-2016,5,3,2,678,m2,House,https://www.domain.com.au/18-metung-street-balwyn-vic-3103-2013209445,Swimming Pool,0.8-1.1-4.8,3,Dec/2016/3600000.0/SOLD-Jul/2009/2500000.0/SOLD-Feb/2007/905000.0/SOLD,0,0,0,0,0,0,0,0,0,0,0,0,0,0,0,0,0,0,1,0
12-evelina-street-balwyn-vic-3103,2600000,26-Nov-2016,5,2,4,1236,m2,House,https://www.domain.com.au/12-evelina-street-balwyn-vic-3103-2013164781,,0.8-0.8-1,3,,0,0,0,0,0,0,0,0,0,0,0,0,0,0,0,0,0,0,0,0
4-reumah-court-balwyn-vic-3103,2630000,29-Oct-2016,5,3,2,640,m2,House,https://www.domain.com.au/4-reumah-court-balwyn-vic-3103-2013093365,,,0,Oct/2016/2630000.0/SOLD-Mar/2014/1850000.0/SOLD-Jul/2006/1100000.0/SOLD,0,0,0,0,0,0,0,0,0,0,0,0,0,0,0,0,0,0,0,0
25-kalimna-street-balwyn-vic-3103,2665000,20-Aug-2016,5,3,2,671,m2,House,https://www.domain.com.au/25-kalimna-street-balwyn-vic-3103-2012948753,,0.6-1.3-4.7,3,Apr/2003/628000.0/SOLD,0,0,0,0,0,0,0,0,0,0,0,0,0,0,0,0,0,0,0,0
1-prowse-avenue-balwyn-vic-3103,4600000,30-Jun-2016,6,6,2,698,m2,House,https://www.domain.com.au/1-prowse-avenue-balwyn-vic-3103-2012872818,Study,0.4-0.9-1.8,3,Aug/2013/1415000.0/SOLD-Mar/1985/150500.0/SOLD,0,0,0,0,0,1,0,0,0,0,0,0,0,0,0,0,0,0,0,0
36-metung-street-balwyn-vic-3103,2780000,17-Jun-2016,5,2,2,678,m2,House,https://www.domain.com.au/36-metung-street-balwyn-vic-3103-2012851410,,0.9-1-4.7,3,Jun/2016/2780000.0/SOLD-Nov/2001/275.0/SOLD,0,0,0,0,0,0,0,0,0,0,0,0,0,0,0,0,0,0,0,0
16-barnsbury-road-balwyn-vic-3103,6360000,30-Apr-2016,5,4,2,1767,m2,House,https://www.domain.com.au/16-barnsbury-road-balwyn-vic-3103-2012702820,,0.7-0.8-2,3,,0,0,0,0,0,0,0,0,0,0,0,0,0,0,0,0,0,0,0,0
1-raynes-street-balwyn-vic-3103,3115000,19-Mar-2016,5,5,4,754,m2,House,https://www.domain.com.au/1-raynes-street-balwyn-vic-3103-2012612920,,0.8-1.3-3.9,3,Mar/2016/3115000.0/SOLD-Jan/2006/420.0/SOLD,0,0,0,0,0,0,0,0,0,0,0,0,0,0,0,0,0,0,0,0
63-narrak-road-balwyn-vic-3103,2470000,17-Dec-2015,5,3,3,952,m2,House,https://www.domain.com.au/63-narrak-road-balwyn-vic-3103-2012394619,,0.7-1.4-2,3,Dec/2015/2470000.0/SOLD-May/2007/1370000.0/SOLD,0,0,0,0,0,0,0,0,0,0,0,0,0,0,0,0,0,0,0,0
21-ruby-street-balwyn-vic-3103,2746800,11-Dec-2015,5,3,2,723,m2,House,https://www.domain.com.au/21-ruby-street-balwyn-vic-3103-2012456142,,0.7-0.9-4.3,3,Dec/2015/2746800.0/SOLD-Aug/2005/880000.0/SOLD,0,0,0,0,0,0,0,0,0,0,0,0,0,0,0,0,0,0,0,0
104-yarrbat-avenue-balwyn-vic-3103,2100000,28-Nov-2015,5,3,2,692,m2,House,https://www.domain.com.au/104-yarrbat-avenue-balwyn-vic-3103-2012385777,,0.7-1.5-2.1,3,Nov/2015/890.0/SOLD,0,0,0,0,0,0,0,0,0,0,0,0,0,0,0,0,0,0,0,0
66-gordon-street-balwyn-vic-3103,4880000,20-Nov-2015,6,5,4,724,m2,House,https://www.domain.com.au/66-gordon-street-balwyn-vic-3103-2012348154,In-ground Pool (Heated)-Study-Remote Garage-Built in wardrobes,0.8-1.3-5,3,,0,0,0,1,0,1,0,0,0,0,0,0,0,1,0,0,0,0,1,0
6-angle-road-balwyn-vic-3103,2410000,13-Nov-2015,5,3,2,605,m2,House,https://www.domain.com.au/6-angle-road-balwyn-vic-3103-2012350671,,0.8-1-2,3,,0,0,0,0,0,0,0,0,0,0,0,0,0,0,0,0,0,0,0,0
1-4/1-leonard-street-balwyn-vic-3103,3900000,17-Oct-2015,8,4,8,1403,m2,House,https://www.domain.com.au/1-4-1-leonard-street-balwyn-vic-3103-2012280661,,0.6-1.6-5.3,3,,0,0,0,0,0,0,0,0,0,0,0,0,0,0,0,0,0,0,0,0
8-bruce-street-balwyn-vic-3103,2080000,17-Oct-2015,5,3,2,718,m2,House,https://www.domain.com.au/8-bruce-street-balwyn-vic-3103-2012263832,,0.6-1.5-3.9,3,Nov/2019/850.0/SOLD,0,0,0,0,0,0,0,0,0,0,0,0,0,0,0,0,0,0,0,0
10-bernborough-avenue-balwyn-vic-3103,3030000,16-May-2015,5,4,2,663,m2,House,https://www.domain.com.au/10-bernborough-avenue-balwyn-vic-3103-2011929150,,0.7-0.8-4.4,3,May/2015/3030000.0/SOLD-Apr/2010/2610000.0/SOLD,0,0,0,0,0,0,0,0,0,0,0,0,0,0,0,0,0,0,0,0
28-jurang-street-balwyn-vic-3103,2635000,28-Mar-2015,5,3,2,618,m2,House,https://www.domain.com.au/28-jurang-street-balwyn-vic-3103-2011792362,Ensuite-Alarm System-Intercom-Deck-Remote Garage-Secure Parking-Outdoor Ent.-Fully fenced-Built in wardrobes-Ducted Heating-Gas Heating,0.4-1.7-4.7,3,Mar/2015/2635000.0/SOLD-Jul/2011/380.0/SOLD,1,0,0,1,1,0,0,0,0,0,1,0,0,1,1,0,1,0,0,0
298-union-road-balwyn-vic-3103,2039000,14-Mar-2015,5,2,4,1088,m2,House,https://www.domain.com.au/298-union-road-balwyn-vic-3103-2011775623,,0.4-1.1-1.6,3,Mar/2015/2039000.0000000002/SOLD-May/1996/380000.0/SOLD-Mar/1994/351000.0/SOLD,0,0,0,0,0,0,0,0,0,0,0,0,0,0,0,0,0,0,0,0
11-belgrove-avenue-balwyn-vic-3103,2860000,28-Jan-2015,5,5,4,697,m2,House,https://www.domain.com.au/11-belgrove-avenue-balwyn-vic-3103-2011421086,Air conditioning-Heating-Close to schools-Close to shops-Close to transport-Formal Lounge-Garden-Internal Laundry-Modern Bathroom-Modern Kitchen-Pets Allowed-Quiet Location-Separate Dining Room-Alarm System-Intercom-Swimming Pool-Spa-Shower Facilities-Bath-Built in wardrobes-Dishwasher-Gas-Inside Spa-Remote Garage-Study-Entertainment Area-Greywater system-Level Lawn-Rainwater storage tank-Secure Parking-Storage Area-Workshop-Security Lights-Security Windows-Close to Parklands-Prestige Property,1-1-4.1,3,May/2017/1500.0/SOLD-Jan/2015/3002000.0/SOLD,1,1,1,1,1,1,1,1,1,0,0,0,1,1,1,1,0,0,1,1
19-winmalee-road-balwyn-vic-3103,1650000,03-Nov-2014,5,2,2,447,m2,House,https://www.domain.com.au/19-winmalee-road-balwyn-vic-3103-2011362687,Ensuite-Alarm System-Intercom-Alarm/Security System-Remote Garage Opener-Remote Garage-Secure Parking-Fully fenced-Built in wardrobes-Dishwasher-Ducted Cooling-Ducted Heating,0.9-1.3-4.2,3,Oct/2014/1650000.0/SOLD-Jul/2007/1325000.0/SOLD-Sep/2004/1004000.0/SOLD,1,0,0,1,1,0,0,0,0,0,1,0,1,1,1,0,0,0,0,0
11-13-creswick-street-balwyn-vic-3103,3430000,10-Jun-2014,6,3,2,1393,m2,House,https://www.domain.com.au/11-13-creswick-street-balwyn-vic-3103-2011161062,,0.3-1.6-5.4,3,,0,0,0,0,0,0,0,0,0,0,0,0,0,0,0,0,0,0,0,0
34-king-street-balwyn-vic-3103,1925000,16-May-2014,5,3,2,520,m2,House,https://www.domain.com.au/34-king-street-balwyn-vic-3103-2011117226,,0.7-1.1-4.9,3,May/2014/1925000.0/SOLD-Jun/2009/1800000.0/SOLD-Jun/1998/344000.0/SOLD,0,0,0,0,0,0,0,0,0,0,0,0,0,0,0,0,0,0,0,0
36-nott-street-balwyn-vic-3103,3140000,10-May-2014,7,7,3,842,m2,House,https://www.domain.com.au/36-nott-street-balwyn-vic-3103-2011095301,,0.8-1-4.4,3,May/2014/3140000.0/SOLD-Jul/2009/1238000.0/SOLD-May/2007/1230000.0/SOLD,0,0,0,0,0,0,0,0,0,0,0,0,0,0,0,0,0,0,0,0
2-para-street-balwyn-vic-3103,2050000,05-Mar-2014,5,3,2,589,m2,House,https://www.domain.com.au/2-para-street-balwyn-vic-3103-2010918604,Air conditioning-Built in wardrobes-Close to schools-Close to shops-Close to transport-Formal Lounge-Garden-Floorboards-Security Alarm-Secure Parking-Separate Dining-Terrace-Balcony-double storey house-large sized family home-Ducted Heating-refrigerated cooling-alfresco entertaining area-large dining room-5th bedroom/study,0.9-1-4.6,3,Oct/2018/2200000.0/SOLD-Feb/2014/2049999.9999999998/SOLD-Jun/2008/1840000.0/SOLD,1,1,0,1,1,1,1,1,1,0,0,0,0,0,1,1,0,1,0,0
6-collins-court-balwyn-vic-3103,1800000,12-Oct-2013,5,2,2,770,m2,House,https://www.domain.com.au/6-collins-court-balwyn-vic-3103-2010704398,,0.7-1.4-3.9,3,Oct/2013/1800000.0/SOLD-Jan/1990/225000.0/SOLD-Mar/1976/35000.0/SOLD,0,0,0,0,0,0,0,0,0,0,0,0,0,0,0,0,0,0,0,0
12-tonkin-avenue-balwyn-vic-3103,1700000,12-Oct-2013,5,3,2,698,m2,House,https://www.domain.com.au/12-tonkin-avenue-balwyn-vic-3103-2010529461,,1-1.2-4.1,3,Oct/2013/1700000.0/SOLD,0,0,0,0,0,0,0,0,0,0,0,0,0,0,0,0,0,0,0,0
2-barnsbury-road-balwyn-vic-3103,2585000,27-Nov-2010,5,2,2,1122,m2,House,https://www.domain.com.au/2-barnsbury-road-balwyn-vic-3103-2008656206,,0.7-0.9-1.8,3,,0,0,0,0,0,0,0,0,0,0,0,0,0,0,0,0,0,0,0,0
112-belmore-road-balwyn-vic-3103,2100000,28-Jun-2010,5,3,2,723,m2,House,https://www.domain.com.au/112-belmore-road-balwyn-vic-3103-2008375045,,0.6-0.7-4.2,3,Mar/2017/2770000.0/SOLD-Jun/2010/2100000.0/SOLD-Dec/2007/810000.0/SOLD,0,0,0,0,0,0,0,0,0,0,0,0,0,0,0,0,0,0,0,0
6-relowe-crescent-balwyn-vic-3103,2290000,19-Jun-2010,5,3,2,882,m2,House,https://www.domain.com.au/6-relowe-crescent-balwyn-vic-3103-2008386526,,0.8-0.9-1.2,3,Mar/2014/2500000.0/SOLD-Jun/2010/2290000.0/SOLD-Apr/2002/532000.0/SOLD,0,0,0,0,0,0,0,0,0,0,0,0,0,0,0,0,0,0,0,0
