address,suburb,price,date,bedrooms,bathrooms,parking_spaces,land_size,land_size_unit,propertyType,url,houseFeatures,schoolsDistance,schoolsCount,salesHistory,heating,air_con,internal_laundry,built_in_wardrobes,secure_parking,study,close_to_shops,close_to_transport,close_to_schools,split_system,fully_fenced,solar_panels,dishwasher,garage,alarm,garden,deck,balcony,pool,spa
8-valnere-street-maribyrnong-vic-3032,Maribyrnong,1165000,05-Jun-2021,2,1,4,612,m2,House,https://www.domain.com.au/8-valnere-street-maribyrnong-vic-3032-2017000096,,0.4-0.6-2.6,3,Jun/2021/1165000.0/SOLD-Dec/1982/38000.0/SOLD-Mar/1977/30000.0/SOLD,0,0,0,0,0,0,0,0,0,0,0,0,0,0,0,0,0,0,0,0
10-leopold-street-maribyrnong-vic-3032,Maribyrnong,1160000,06-Apr-2019,2,2,3,865,m2,House,https://www.domain.com.au/10-leopold-street-maribyrnong-vic-3032-2015004726,,0.8-1.6-4.1,3,Apr/2019/450.0/SOLD,0,0,0,0,0,0,0,0,0,0,0,0,0,0,0,0,0,0,0,0
6-leopold-street-maribyrnong-vic-3032,Maribyrnong,815000,27-Oct-2018,2,1,3,424,m2,House,https://www.domain.com.au/6-leopold-street-maribyrnong-vic-3032-2014676239,,0.8-1.6-4.2,3,Oct/2018/815000.0/SOLD,0,0,0,0,0,0,0,0,0,0,0,0,0,0,0,0,0,0,0,0
10/52-56-middle-road-maribyrnong-vic-3032,Maribyrnong,534000,06-Apr-2018,2,1,1,118,m2,Villa,https://www.domain.com.au/10-52-56-middle-road-maribyrnong-vic-3032-2014254222,Courtyard-Secure Parking,1.3-1.4-3.3,3,,0,0,0,0,1,0,0,0,0,0,0,0,0,0,0,0,0,0,0,0
19-navigator-street-maribyrnong-vic-3032,Maribyrnong,960000,16-May-2015,2,1,2,799,m2,House,https://www.domain.com.au/19-navigator-street-maribyrnong-vic-3032-2011908228,,1-1.6-4,3,May/2015/960000.0/SOLD-Mar/2003/359000.0/SOLD-Feb/1998/139000.0/SOLD,0,0,0,0,0,0,0,0,0,0,0,0,0,0,0,0,0,0,0,0
40-kellaway-street-maribyrnong-vic-3032,Maribyrnong,1241000,04-Dec-2021,3,1,3,695,m2,House,https://www.domain.com.au/40-kellaway-street-maribyrnong-vic-3032-2017400539,,0.4-0.7-2.7,3,Dec/2021/1241000.0/SOLD-Oct/2003/350.0/SOLD,0,0,0,0,0,0,0,0,0,0,0,0,0,0,0,0,0,0,0,0
18-gordon-street-maribyrnong-vic-3032,Maribyrnong,1405000,29-Oct-2021,3,1,2,573,m2,House,https://www.domain.com.au/18-gordon-street-maribyrnong-vic-3032-2017260607,Secure Parking*-Balcony / Deck*,0.6-0.7-3.1,3,Nov/2021/1405000.0/SOLD,0,0,0,0,1,0,0,0,0,0,0,0,0,0,0,0,1,1,0,0
16-clyde-street-maribyrnong-vic-3032,Maribyrnong,1590000,31-Jul-2021,3,1,3,794,m2,House,https://www.domain.com.au/16-clyde-street-maribyrnong-vic-3032-2017120070,,0.9-1.6-4.1,3,,0,0,0,0,0,0,0,0,0,0,0,0,0,0,0,0,0,0,0,0
96-raleigh-road-maribyrnong-vic-3032,Maribyrnong,770000,21-Apr-2021,3,1,1,455,m2,House,https://www.domain.com.au/96-raleigh-road-maribyrnong-vic-3032-2016931893,Air conditioning*-Gas*-Internal Laundry*-Secure Parking*-Fireplace(s)*-Dishwasher*-Study*-Garden*,1.2-1.4-3.3,3,Apr/2021/770000.0/SOLD-Jul/2007/425000.0/SOLD,0,1,1,0,1,1,0,0,0,0,0,0,1,0,0,1,0,0,0,0
338-gordon-street-maribyrnong-vic-3032,Maribyrnong,1220000,27-Mar-2021,3,1,2,596,m2,House,https://www.domain.com.au/338-gordon-street-maribyrnong-vic-3032-2016833702,,0.5-0.8-3.1,3,Mar/2021/1220000.0/SOLD,0,0,0,0,0,0,0,0,0,0,0,0,0,0,0,0,0,0,0,0
17-pridham-street-maribyrnong-vic-3032,Maribyrnong,1406000,27-Feb-2021,3,1,2,697,m2,House,https://www.domain.com.au/17-pridham-street-maribyrnong-vic-3032-2016729069,Garden*,0.3-0.8-3,3,Feb/2021/400.0/SOLD,0,0,0,0,0,0,0,0,0,0,0,0,0,0,0,1,0,0,0,0
4-navy-close-maribyrnong-vic-3032,Maribyrnong,848000,10-Oct-2020,3,2,2,163,m2,House,https://www.domain.com.au/4-navy-close-maribyrnong-vic-3032-2016509623,,1.2-1.7-3.2,3,Oct/2020/530.0/SOLD,0,0,0,0,0,0,0,0,0,0,0,0,0,0,0,0,0,0,0,0
35-bracken-avenue-maribyrnong-vic-3032,Maribyrnong,1080000,08-Mar-2020,3,2,2,289,m2,House,https://www.domain.com.au/35-bracken-avenue-maribyrnong-vic-3032-2016115527,,0.7-1.1-1.3,3,Mar/2020/1080000.0/SOLD,0,0,0,0,0,0,0,0,0,0,0,0,0,0,0,0,0,0,0,0
56-edgewater-boulervard-maribyrnong-vic-3032,Maribyrnong,1200000,28-Feb-2020,3,2,2,355,m2,House,https://www.domain.com.au/56-edgewater-boulervard-maribyrnong-vic-3032-2015737607,,0.6-0.8-0.9,3,,0,0,0,0,0,0,0,0,0,0,0,0,0,0,0,0,0,0,0,0
21-duffy-street-maribyrnong-vic-3032,Maribyrnong,1367000,16-Nov-2019,3,2,7,696,m2,House,https://www.domain.com.au/21-duffy-street-maribyrnong-vic-3032-2015700738,Air conditioning-Floorboards-Intercom-Built in wardrobes-Internal Laundry-Pets Allowed-Cable or Satellite-Gas-Broadband internet access-Bath-Fireplace(s)-Heating-Dishwasher-Secure Parking-Fully fenced-Balcony / Deck-Garden / Courtyard-North Facing-City Views-Wall / ceiling insulation-Close to schools-Close to shops-Close to transport,1-1.4-3.5,3,Nov/2021/1830000.0/SOLD-Nov/2019/1367000.0/SOLD,1,1,1,1,1,0,1,1,1,0,1,0,1,0,0,1,1,1,0,0
4-valnere-street-maribyrnong-vic-3032,Maribyrnong,930100,07-Nov-2019,3,1,2,513,m2,House,https://www.domain.com.au/4-valnere-street-maribyrnong-vic-3032-2015802831,,0.5-0.6-2.6,3,Nov/2019/930100.0/SOLD-Mar/1988/100000.0/SOLD-Dec/1984/65500.0/SOLD,0,0,0,0,0,0,0,0,0,0,0,0,0,0,0,0,0,0,0,0
3-newstead-street-maribyrnong-vic-3032,Maribyrnong,1205000,07-Sep-2019,3,1,4,927,m2,House,https://www.domain.com.au/3-newstead-street-maribyrnong-vic-3032-2015522743,,1.2-1.4-3.8,3,Sep/2019/1205000.0/SOLD-Nov/2018/1200000.0/SOLD-Feb/1979/43500.0/SOLD,0,0,0,0,0,0,0,0,0,0,0,0,0,0,0,0,0,0,0,0
19-alameda-avenue-maribyrnong-vic-3032,Maribyrnong,1010000,23-Aug-2019,3,2,2,691,m2,House,https://www.domain.com.au/19-alameda-avenue-maribyrnong-vic-3032-2014957705,,1.1-1.4-3.5,3,Aug/2019/1010000.0/SOLD,0,0,0,0,0,0,0,0,0,0,0,0,0,0,0,0,0,0,0,0
17-duffy-street-maribyrnong-vic-3032,Maribyrnong,1200000,30-Mar-2019,3,1,2,696,m2,House,https://www.domain.com.au/17-duffy-street-maribyrnong-vic-3032-2014977997,,1-1.4-3.6,3,Mar/2019/1200000.0/SOLD-Jun/1978/55000.0/SOLD,0,0,0,0,0,0,0,0,0,0,0,0,0,0,0,0,0,0,0,0
3-newstead-street-maribyrnong-vic-3032,Maribyrnong,1200000,12-Nov-2018,3,1,3,914,m2,House,https://www.domain.com.au/3-newstead-street-maribyrnong-vic-3032-2014661959,,1.2-1.4-3.8,3,Sep/2019/1205000.0/SOLD-Nov/2018/1200000.0/SOLD-Feb/1979/43500.0/SOLD,0,0,0,0,0,0,0,0,0,0,0,0,0,0,0,0,0,0,0,0
44-pridham-street-maribyrnong-vic-3032,Maribyrnong,1115000,31-Oct-2018,3,1,2,696,m2,House,https://www.domain.com.au/44-pridham-street-maribyrnong-vic-3032-2014636671,,0.3-0.8-2.7,3,Oct/2018/490.0/SOLD,0,0,0,0,0,0,0,0,0,0,0,0,0,0,0,0,0,0,0,0
18-randall-street-maribyrnong-vic-3032,Maribyrnong,1220000,14-Jul-2018,3,1,2,754,m2,House,https://www.domain.com.au/18-randall-street-maribyrnong-vic-3032-2014439977,,1.3-1.4-3.2,3,Jul/2018/500.0/SOLD,0,0,0,0,0,0,0,0,0,0,0,0,0,0,0,0,0,0,0,0
26-ibis-place-maribyrnong-vic-3032,Maribyrnong,1056000,11-Dec-2017,3,2,4,234,m2,House,https://www.domain.com.au/26-ibis-place-maribyrnong-vic-3032-2013974937,Close to schools-Close to shops-Close to transport-Study,0.8-1-1.3,3,Nov/2020/1024999.9999999999/SOLD-Dec/2017/1056000.0/SOLD-Aug/2007/581000.0/SOLD,0,0,0,0,0,1,1,1,1,0,0,0,0,0,0,0,0,0,0,0
33-hillside-crescent-maribyrnong-vic-3032,Maribyrnong,1150000,20-Nov-2017,3,1,1,490,m2,House,https://www.domain.com.au/33-hillside-crescent-maribyrnong-vic-3032-2013864873,Close to schools-Close to shops-Close to transport,1-1.5-3.4,3,Nov/2017/1150000.0/SOLD-Sep/2015/340.0/SOLD,0,0,0,0,0,0,1,1,1,0,0,0,0,0,0,0,0,0,0,0
7-cumberland-drive-maribyrnong-vic-3032,Maribyrnong,1245000,11-Nov-2017,3,2,2,370,m2,House,https://www.domain.com.au/7-cumberland-drive-maribyrnong-vic-3032-2014005860,,0.6-1-1.2,3,Nov/2017/1245000.0/SOLD-May/2003/248000.0/SOLD,0,0,0,0,0,0,0,0,0,0,0,0,0,0,0,0,0,0,0,0
38-waterford-avenue-maribyrnong-vic-3032,Maribyrnong,801000,08-Apr-2017,3,2,2,210,m2,House,https://www.domain.com.au/38-waterford-avenue-maribyrnong-vic-3032-2013458532,Ensuite-Outdoor Entertaining-Fully fenced-Ducted Heating,1.1-1.7-2.2,3,Apr/2017/801000.0/SOLD,1,0,0,0,0,0,0,0,0,0,1,0,0,0,0,0,0,0,0,0
3-leopold-street-maribyrnong-vic-3032,Maribyrnong,2070000,14-Aug-2016,3,2,9,1542,m2,House,https://www.domain.com.au/3-leopold-street-maribyrnong-vic-3032-2012959079,Secure Parking,0.8-1.6-4.1,3,Aug/2016/2069999.9999999998/SOLD-Apr/1993/131111.0/SOLD,0,0,0,0,1,0,0,0,0,0,0,0,0,0,0,0,0,0,0,0
7-mitchell-street-maribyrnong-vic-3032,Maribyrnong,725000,08-Jul-2016,3,1,1,458,m2,House,https://www.domain.com.au/7-mitchell-street-maribyrnong-vic-3032-2012852220,,0.5-0.7-3.1,3,,0,0,0,0,0,0,0,0,0,0,0,0,0,0,0,0,0,0,0,0
1-maireana-street-maribyrnong-vic-3032,Maribyrnong,760000,22-Apr-2016,3,2,2,161,m2,House,https://www.domain.com.au/1-maireana-street-maribyrnong-vic-3032-2012294019,Study,0.8-1.2-3.6,3,Nov/2020/917000.0/SOLD-Jul/2016/760000.0/SOLD-Mar/2007/275000.0/SOLD,0,0,0,0,0,1,0,0,0,0,0,0,0,0,0,0,0,0,0,0
50-macedon-street-maribyrnong-vic-3032,Maribyrnong,955000,22-Mar-2016,3,1,2,630,m2,House,https://www.domain.com.au/50-macedon-street-maribyrnong-vic-3032-2012598090,,0.2-0.9-2.7,3,Mar/2016/955000.0/SOLD,0,0,0,0,0,0,0,0,0,0,0,0,0,0,0,0,0,0,0,0
39-pridham-street-maribyrnong-vic-3032,Maribyrnong,895000,12-Mar-2016,3,2,2,706,m2,House,https://www.domain.com.au/39-pridham-street-maribyrnong-vic-3032-2012601934,Ensuite-Secure Parking-Fully fenced-Floorboards-Split System AirCon,0.3-0.7-2.7,3,Mar/2016/895000.0/SOLD-Apr/1995/140000.0/SOLD-Mar/1988/94000.0/SOLD,0,0,0,0,1,0,0,0,0,1,1,0,0,0,0,0,0,0,0,0
13-rowe-street-maribyrnong-vic-3032,Maribyrnong,996500,21-Nov-2015,3,1,2,700,m2,House,https://www.domain.com.au/13-rowe-street-maribyrnong-vic-3032-2012416388,,0.3-0.7-2.8,3,Jul/2018/919000.0/SOLD-Nov/2015/996500.0/SOLD,0,0,0,0,0,0,0,0,0,0,0,0,0,0,0,0,0,0,0,0
52-edgewater-boulevard-maribyrnong-vic-3032,Maribyrnong,870000,08-Jun-2015,3,2,2,314,m2,House,https://www.domain.com.au/52-edgewater-boulevard-maribyrnong-vic-3032-2011982115,Ensuite-Alarm System-Deck-Remote Garage-Secure Parking-Outdoor Entertaining-Fully fenced-Built in wardrobes-Dishwasher-Ducted Heating-Ducted Cooling-Vacuum System-Study,0.7-0.7-0.9,3,May/2015/560.0/SOLD-Aug/2003/870000.0/SOLD,1,0,0,1,1,1,0,0,0,0,1,0,1,1,1,0,1,0,0,0
5-the-esplanade-maribyrnong-vic-3032,Maribyrnong,1135000,22-May-2015,3,2,4,662,m2,House,https://www.domain.com.au/5-the-esplanade-maribyrnong-vic-3032-2011916001,Alarm System-Intercom-Balcony-Secure Parking-Shed-Split System Heating-Split System AirCon-Built in wardrobes-Dishwasher-Rumpus Room,0.8-1.7-4.2,3,May/2015/1135000.0/SOLD,1,0,0,1,1,0,0,0,0,1,0,0,1,0,1,0,0,1,0,0
7-clyde-street-maribyrnong-vic-3032,Maribyrnong,658000,18-Oct-2014,3,1,2,664,m2,House,https://www.domain.com.au/7-clyde-street-maribyrnong-vic-3032-2011436807,,0.9-1.5-4,3,Oct/2014/658000.0/SOLD-Jun/2012/610000.0/SOLD,0,0,0,0,0,0,0,0,0,0,0,0,0,0,0,0,0,0,0,0
45-macedon-street-maribyrnong-vic-3032,Maribyrnong,745000,13-Sep-2014,3,1,2,695,m2,House,https://www.domain.com.au/45-macedon-street-maribyrnong-vic-3032-2011365045,,0.3-0.8-2.7,3,Feb/2018/1200000.0/SOLD-Sep/2014/330.0/SOLD,0,0,0,0,0,0,0,0,0,0,0,0,0,0,0,0,0,0,0,0
12-grandview-avenue-maribyrnong-vic-3032,Maribyrnong,710000,26-Jul-2014,3,1,4,468,m2,House,https://www.domain.com.au/12-grandview-avenue-maribyrnong-vic-3032-2011280036,,0.9-1.5-3.4,3,,0,0,0,0,0,0,0,0,0,0,0,0,0,0,0,0,0,0,0,0
25-middle-road-maribyrnong-vic-3032,Maribyrnong,675000,02-Feb-2013,3,2,2,287,m2,House,https://www.domain.com.au/25-middle-road-maribyrnong-vic-3032-2010077336,,1.3-1.3-3.4,3,Feb/2013/675000.0/SOLD,0,0,0,0,0,0,0,0,0,0,0,0,0,0,0,0,0,0,0,0
23-duffy-street-maribyrnong-vic-3032,Maribyrnong,670000,03-Mar-2012,3,1,1,680,m2,House,https://www.domain.com.au/23-duffy-street-maribyrnong-vic-3032-2009489085,,1-1.4-3.5,3,Feb/2017/1180000.0/SOLD-Oct/2013/795000.0/SOLD-Mar/2012/670000.0/SOLD,0,0,0,0,0,0,0,0,0,0,0,0,0,0,0,0,0,0,0,0
8-rowe-street-maribyrnong-vic-3032,Maribyrnong,760000,24-Jun-2010,3,1,4,694,m2,House,https://www.domain.com.au/8-rowe-street-maribyrnong-vic-3032-2008401886,Close to schools-Close to shops-Close to transport-Fireplace(s)-Garden-Floorboards-Separate Dining-Bungalow/Office-2nd shower,0.4-0.7-2.9,3,Jun/2010/440.0/SOLD,0,0,0,0,0,0,1,1,1,0,0,0,0,0,0,1,0,0,0,0
32-murnong-street-maribyrnong-vic-3032,Maribyrnong,1570000,20-Nov-2021,4,2,2,450,m2,House,https://www.domain.com.au/32-murnong-street-maribyrnong-vic-3032-2017301684,,1-1.5-2.2,3,Nov/2021/1570000.0/SOLD-May/2002/450000.0/SOLD-Aug/1998/86000.0/SOLD,0,0,0,0,0,0,0,0,0,0,0,0,0,0,0,0,0,0,0,0
37-bracken-avenue-maribyrnong-vic-3032,Maribyrnong,1350000,15-Nov-2021,4,2,2,289,m2,House,https://www.domain.com.au/37-bracken-avenue-maribyrnong-vic-3032-2017371863,Internal Laundry*-Secure Parking*-Bath*-Heating*-Balcony / Deck*-Study,0.7-1.1-1.3,3,Nov/2021/1350000.0/SOLD,1,0,1,0,1,1,0,0,0,0,0,0,0,0,0,0,1,1,0,0
31-macedon-street-maribyrnong-vic-3032,Maribyrnong,1460000,20-Jul-2021,4,1,3,695,m2,House,https://www.domain.com.au/31-macedon-street-maribyrnong-vic-3032-2017134368,Built in wardrobes*-Gas*-Dishwasher*-Study*-Garden*,0.2-0.8-2.8,3,Jul/2021/1460000.0/SOLD-Jul/1991/152500.0/SOLD-May/1976/29750.0/SOLD,0,0,0,1,0,1,0,0,0,0,0,0,1,0,0,1,0,0,0,0
33-river-street-maribyrnong-vic-3032,Maribyrnong,1355500,28-May-2021,4,3,1,630,m2,House,https://www.domain.com.au/33-river-street-maribyrnong-vic-3032-2016933706,Garden*-Ensuite-Built in wardrobes-Balcony / Deck,0.1-1-2.9,3,May/2021/1355500.0/SOLD,0,0,0,1,0,0,0,0,0,0,0,0,0,0,0,1,1,1,0,0
73-raleigh-road-maribyrnong-vic-3032,Maribyrnong,1285000,26-Apr-2021,4,2,2,696,m2,House,https://www.domain.com.au/73-raleigh-road-maribyrnong-vic-3032-2016918286,Secure Parking*-Garden*,1.2-1.4-3.5,3,Apr/2021/1285000.0/SOLD,0,0,0,0,1,0,0,0,0,0,0,0,0,0,0,1,0,0,0,0
44-cumberland-drive-maribyrnong-vic-3032,Maribyrnong,1600000,19-Apr-2021,4,2,2,461,m2,House,https://www.domain.com.au/44-cumberland-drive-maribyrnong-vic-3032-2016917794,Secure Parking*-Intercom*-Heating*-Garden*,0.8-1.1-1.4,3,Oct/2021/1460006.0/SOLD-Oct/2012/1040000.0/SOLD,1,0,0,0,1,0,0,0,0,0,0,0,0,0,0,1,0,0,0,0
3-park-drive-maribyrnong-vic-3032,Maribyrnong,2020000,17-Apr-2021,4,3,2,525,m2,House,https://www.domain.com.au/3-park-drive-maribyrnong-vic-3032-2016878279,Heating*-Fully fenced*-Garden*-Swimming Pool-Air conditioning-Secure Parking-Fireplace(s)-Dishwasher,1.2-1.8-3.2,3,Apr/2021/2020000.0/SOLD-Feb/2009/1080000.0/SOLD,1,1,0,0,1,0,0,0,0,0,1,0,1,0,0,1,0,0,1,0
7-raven-lane-maribyrnong-vic-3032,Maribyrnong,1000000,22-Jan-2021,4,3,2,203,m2,House,https://www.domain.com.au/7-raven-lane-maribyrnong-vic-3032-2016668539,Secure Parking*-Garden*-Balcony / Deck*-Floorboards-Alarm System-Built in wardrobes-Bath-Heating-Dishwasher-North Facing,0.8-0.9-1.3,3,Jan/2021/1000000.0/SOLD-Dec/2014/695000.0/SOLD,1,0,0,1,1,0,0,0,0,0,0,0,1,0,1,1,1,1,0,0
17-rowe-street-maribyrnong-vic-3032,Maribyrnong,1200000,13-Nov-2020,4,3,2,696,m2,House,https://www.domain.com.au/17-rowe-street-maribyrnong-vic-3032-2016592365,,0.3-0.7-2.8,3,Nov/2020/1200000.0/SOLD-Jun/2005/500000.0/SOLD-Jun/2002/445000.0/SOLD,0,0,0,0,0,0,0,0,0,0,0,0,0,0,0,0,0,0,0,0
164-edgewater-boulevard-maribyrnong-vic-3032,Maribyrnong,1165000,03-Aug-2020,4,3,2,275,m2,House,https://www.domain.com.au/164-edgewater-boulevard-maribyrnong-vic-3032-2016263409,Close to schools-Close to shops-Close to transport,0.7-1-1.2,3,Aug/2020/1165000.0/SOLD-Aug/2004/630000.0/SOLD,0,0,0,0,0,0,1,1,1,0,0,0,0,0,0,0,0,0,0,0
100-raleigh-road-maribyrnong-vic-3032,Maribyrnong,840000,20-Jul-2020,4,2,5,641,m2,House,https://www.domain.com.au/100-raleigh-road-maribyrnong-vic-3032-2016220064,,1.2-1.4-3.3,3,Jul/2020/840000.0/SOLD,0,0,0,0,0,0,0,0,0,0,0,0,0,0,0,0,0,0,0,0
29-oakland-street-maribyrnong-vic-3032,Maribyrnong,1030000,18-Jun-2020,4,2,2,665,m2,House,https://www.domain.com.au/29-oakland-street-maribyrnong-vic-3032-2016040039,,1.1-1.4-3.5,3,Jun/2020/1030000.0/SOLD-Nov/2015/460.0/SOLD,0,0,0,0,0,0,0,0,0,0,0,0,0,0,0,0,0,0,0,0
13-skyline-drive-maribyrnong-vic-3032,Maribyrnong,1180000,21-Dec-2019,4,2,2,520,m2,House,https://www.domain.com.au/13-skyline-drive-maribyrnong-vic-3032-2015460007,,0.5-1-1,3,Dec/2019/1180000.0/SOLD-Nov/2012/845000.0/SOLD,0,0,0,0,0,0,0,0,0,0,0,0,0,0,0,0,0,0,0,0
14-duffy-street-maribyrnong-vic-3032,Maribyrnong,1281000,16-Dec-2019,4,2,4,673,m2,House,https://www.domain.com.au/14-duffy-street-maribyrnong-vic-3032-2015988839,,1.1-1.3-3.6,3,Dec/2019/1281000.0/SOLD,0,0,0,0,0,0,0,0,0,0,0,0,0,0,0,0,0,0,0,0
14-duffy-street-maribyrnong-vic-3032,Maribyrnong,1281000,16-Dec-2019,4,2,4,673,m2,House,https://www.domain.com.au/14-duffy-street-maribyrnong-vic-3032-2015896842,,1.1-1.3-3.6,3,Dec/2019/1281000.0/SOLD,0,0,0,0,0,0,0,0,0,0,0,0,0,0,0,0,0,0,0,0
58-edgewater-blvd-maribyrnong-vic-3032,Maribyrnong,945600,09-Aug-2019,4,2,2,280,m2,House,https://www.domain.com.au/58-edgewater-blvd-maribyrnong-vic-3032-2014977120,,0.6-0.8-0.9,3,,0,0,0,0,0,0,0,0,0,0,0,0,0,0,0,0,0,0,0,0
8-dale-street-maribyrnong-vic-3032,Maribyrnong,1150000,18-Jul-2019,4,2,2,538,m2,House,https://www.domain.com.au/8-dale-street-maribyrnong-vic-3032-2015419344,Floorboards-Dishwasher,1.1-1.7-3.4,3,Jul/2019/1150000.0/SOLD-Oct/2015/870000.0/SOLD-Sep/2006/480000.0/SOLD,0,0,0,0,0,0,0,0,0,0,0,0,1,0,0,0,0,0,0,0
9-newstead-street-maribyrnong-vic-3032,Maribyrnong,965000,09-Jul-2019,4,2,2,460,m2,House,https://www.domain.com.au/9-newstead-street-maribyrnong-vic-3032-2015277151,,1.1-1.5-3.8,3,Jul/2019/965000.0/SOLD,0,0,0,0,0,0,0,0,0,0,0,0,0,0,0,0,0,0,0,0
24-duffy-street-maribyrnong-vic-3032,Maribyrnong,1180000,10-Nov-2018,4,2,2,677,m2,House,https://www.domain.com.au/24-duffy-street-maribyrnong-vic-3032-2014697827,,1.1-1.4-3.5,3,Nov/2018/1180000.0/SOLD-Mar/2013/820000.0/SOLD-Jun/2009/621000.0/SOLD,0,0,0,0,0,0,0,0,0,0,0,0,0,0,0,0,0,0,0,0
323-gordon-st-maribyrnong-vic-3032,Maribyrnong,1000000,02-Nov-2018,4,3,2,271,m2,House,https://www.domain.com.au/323-gordon-st-maribyrnong-vic-3032-2014640123,,0.3-1-3.2,3,Oct/2015/890000.0/SOLD-Aug/2003/210000.0/SOLD-May/2002/135000.0/SOLD,0,0,0,0,0,0,0,0,0,0,0,0,0,0,0,0,0,0,0,0
68-cumberland-drive-maribyrnong-vic-3032,Maribyrnong,2260000,22-Mar-2018,4,2,3,565,m2,House,https://www.domain.com.au/68-cumberland-drive-maribyrnong-vic-3032-2013945350,,0.7-0.7-1.2,3,Mar/2018/2260000.0/SOLD-Jan/2005/605000.0/SOLD,0,0,0,0,0,0,0,0,0,0,0,0,0,0,0,0,0,0,0,0
30-amarco-crescent-maribyrnong-vic-3032,Maribyrnong,970000,01-Jan-2018,4,2,2,279,m2,House,https://www.domain.com.au/30-amarco-crescent-maribyrnong-vic-3032-2013939734,Air conditioning-Built in wardrobes-Close to schools-Close to shops-Close to transport-Garden-Secure Parking-Floorboards-Formal Lounge-Separate Dining-Terrace-Balcony,0.2-0.8-2.7,3,Jan/2018/970000.0/SOLD,0,1,0,1,1,0,1,1,1,0,0,0,0,0,0,1,0,1,0,0
42-magazine-way-maribyrnong-vic-3032,Maribyrnong,1702000,05-Jun-2017,4,3,4,537,m2,House,https://www.domain.com.au/42-magazine-way-maribyrnong-vic-3032-2013598348,,0.8-1-1.2,3,Jun/2017/1702000.0/SOLD,0,0,0,0,0,0,0,0,0,0,0,0,0,0,0,0,0,0,0,0
28-hillside-crescent-maribyrnong-vic-3032,Maribyrnong,961000,04-Mar-2017,4,2,2,585,m2,House,https://www.domain.com.au/28-hillside-crescent-maribyrnong-vic-3032-2013358766,,1-1.5-3.4,3,Mar/2017/961000.0/SOLD-Aug/1993/100000.0/SOLD,0,0,0,0,0,0,0,0,0,0,0,0,0,0,0,0,0,0,0,0
3-the-esplanade-maribyrnong-vic-3032,Maribyrnong,1470000,17-Dec-2016,4,2,1,668,m2,House,https://www.domain.com.au/3-the-esplanade-maribyrnong-vic-3032-2013240032,,0.8-1.7-4.2,3,Feb/2021/1950000.0/SOLD-Dec/2016/1470000.0/SOLD,0,0,0,0,0,0,0,0,0,0,0,0,0,0,0,0,0,0,0,0
33-river-street-maribyrnong-vic-3032,Maribyrnong,1215000,26-Sep-2016,4,3,4,630,m2,House,https://www.domain.com.au/33-river-street-maribyrnong-vic-3032-2013038897,Built in wardrobes-Close to schools-Close to shops-Close to transport-Formal Lounge-Garden-Secure Parking-Separate Dining-Terrace-Balcony-Plan and permit approved!!!,0.1-1-2.9,3,May/2021/1355500.0/SOLD,0,0,0,1,1,0,1,1,1,0,0,0,0,0,0,1,0,1,0,0
5-eveline-avenue-maribyrnong-vic-3032,Maribyrnong,800000,22-Apr-2016,4,2,2,252,m2,House,https://www.domain.com.au/5-eveline-avenue-maribyrnong-vic-3032-2012613218,Built in wardrobes-Close to schools-Close to shops-Close to transport-Floorboards-Secure Parking-Terrace-Balcony,0.5-0.7-0.8,3,Apr/2016/800000.0/SOLD,0,0,0,1,1,0,1,1,1,0,0,0,0,0,0,0,0,1,0,0
6-the-grand-maribyrnong-vic-3032,Maribyrnong,1070000,13-Apr-2016,4,3,3,296,m2,House,https://www.domain.com.au/6-the-grand-maribyrnong-vic-3032-2012508635,Air conditioning-Built in wardrobes-Close to schools-Close to shops-Close to transport-Formal Lounge-Security Alarm-Secure Parking-Separate Dining-Terrace-Balcony-Powder Room,0.7-1-3.5,3,Jul/2016/1030000.0/SOLD-Jun/2010/198000.0/SOLD,0,1,0,1,1,0,1,1,1,0,0,0,0,0,1,0,0,1,0,0
23-macedon-street-maribyrnong-vic-3032,Maribyrnong,951000,05-Mar-2016,4,2,2,696,m2,House,https://www.domain.com.au/23-macedon-street-maribyrnong-vic-3032-2012574171,Fully fenced-Evaporative Cooling-Built in wardrobes-Dishwasher,0.2-0.9-2.9,3,Mar/2016/951000.0/SOLD,0,0,0,1,0,0,0,0,0,0,1,0,1,0,0,0,0,0,0,0
3-woodruff-avenue-maribyrnong-vic-3032,Maribyrnong,1090000,07-Mar-2015,4,2,4,480,m2,House,https://www.domain.com.au/3-woodruff-avenue-maribyrnong-vic-3032-2011750775,Air conditioning-Built in wardrobes-Close to schools-Close to shops-Close to transport-Fireplace(s)-Formal Lounge-Garden-Security Alarm-Secure Parking-Separate Dining-Terrace-Balcony,0.5-1.2-1.2,3,Mar/2015/1090000.0/SOLD-Jun/2003/550.0/SOLD,0,1,0,1,1,0,1,1,1,0,0,0,0,0,1,1,0,1,0,0
13-nayook-lane-maribyrnong-vic-3032,Maribyrnong,766000,08-Dec-2014,4,2,2,415,m2,House,https://www.domain.com.au/13-nayook-lane-maribyrnong-vic-3032-2011567514,Air conditioning-Built in wardrobes-Close to schools-Close to shops-Close to transport-Formal Lounge-Garden-Separate Dining-Terrace-Balcony-Ensuite-Smeg Appliances,1.4-1.4-2,3,Dec/2014/766000.0/SOLD-Nov/2005/540000.0/SOLD-Apr/1999/114000.0/SOLD,0,1,0,1,0,0,1,1,1,0,0,0,0,0,0,1,0,1,0,0
21-oakland-street-maribyrnong-vic-3032,Maribyrnong,726000,17-Jun-2014,4,1,2,694,m2,House,https://www.domain.com.au/21-oakland-street-maribyrnong-vic-3032-2011193940,,1.1-1.3-3.6,3,Jun/2014/726000.0/SOLD-Apr/2005/360000.0/SOLD-May/2001/250000.0/SOLD,0,0,0,0,0,0,0,0,0,0,0,0,0,0,0,0,0,0,0,0
20-bream-street-maribyrnong-vic-3032,Maribyrnong,805000,03-May-2014,4,2,4,460,m2,House,https://www.domain.com.au/20-bream-street-maribyrnong-vic-3032-2011112100,,1.1-1.8-3.3,3,May/2014/805000.0/SOLD-Nov/2008/689000.0/SOLD-Apr/2003/630000.0/SOLD,0,0,0,0,0,0,0,0,0,0,0,0,0,0,0,0,0,0,0,0
1-examiner-street-maribyrnong-vic-3032,Maribyrnong,970000,20-Jul-2013,4,2,4,558,m2,House,https://www.domain.com.au/1-examiner-street-maribyrnong-vic-3032-2010539213,,0.6-0.8-0.9,3,Jul/2013/970000.0/SOLD-Dec/2010/1240000.0/SOLD,0,0,0,0,0,0,0,0,0,0,0,0,0,0,0,0,0,0,0,0
1-summit-rise-maribyrnong-vic-3032,Maribyrnong,1300000,19-Feb-2021,6,3,4,484,m2,House,https://www.domain.com.au/1-summit-rise-maribyrnong-vic-3032-2016903313,Secure Parking*-Heating*-Study*-Garden*-Balcony / Deck*,1.4-1.5-1.8,3,Feb/2021/1300000.0/SOLD-Jun/2017/1100000.0/SOLD,1,0,0,0,1,1,0,0,0,0,0,0,0,0,0,1,1,1,0,0
139-raleigh-road-maribyrnong-vic-3032,Maribyrnong,750000,14-Mar-2020,5,2,2,423,m2,House,https://www.domain.com.au/139-raleigh-road-maribyrnong-vic-3032-2016082707,,1.2-1.6-3.1,3,Mar/2020/750000.0/SOLD-Aug/2011/387000.0/SOLD-Oct/1983/36000.0/SOLD,0,0,0,0,0,0,0,0,0,0,0,0,0,0,0,0,0,0,0,0
12-owen-street-maribyrnong-vic-3032,Maribyrnong,1170000,18-Dec-2019,5,3,2,522,m2,House,https://www.domain.com.au/12-owen-street-maribyrnong-vic-3032-2015850043,,0.4-0.8-0.9,3,Dec/2019/1170000.0/SOLD-Mar/2004/625000.0/SOLD-Oct/2001/236000.0/SOLD,0,0,0,0,0,0,0,0,0,0,0,0,0,0,0,0,0,0,0,0
3-la-scala-avenue-maribyrnong-vic-3032,Maribyrnong,1500000,04-Oct-2019,6,2,4,636,m2,House,https://www.domain.com.au/3-la-scala-avenue-maribyrnong-vic-3032-2015487045,Heating*-Air conditioning-Built in wardrobes-Close to schools-Close to shops-Close to transport-Fireplace(s)-Security Alarm-Garden-Secure Parking-Floorboards-Formal Lounge-Separate Dining-Terrace-Balcony,0.4-1.1-3.3,3,Oct/2019/1500000.0/SOLD-Dec/2002/350000.0/SOLD,1,1,0,1,1,0,1,1,1,0,0,0,0,0,1,1,0,1,0,0
6-sunset-place-maribyrnong-vic-3032,Maribyrnong,1387000,18-Aug-2019,5,2,4,384,m2,House,https://www.domain.com.au/6-sunset-place-maribyrnong-vic-3032-2014668446,Study,0.4-1-3.2,3,Jul/2019/1387000.0/SOLD-May/2013/825550.0/SOLD,0,0,0,0,0,1,0,0,0,0,0,0,0,0,0,0,0,0,0,0
52a-mitchell-street-maribyrnong-vic-3032,Maribyrnong,830000,04-Apr-2019,5,3,2,452,m2,House,https://www.domain.com.au/52a-mitchell-street-maribyrnong-vic-3032-2015030745,,0.5-0.5-2.6,3,Apr/2019/830000.0/SOLD,0,0,0,0,0,0,0,0,0,0,0,0,0,0,0,0,0,0,0,0
8-owen-street-maribyrnong-vic-3032,Maribyrnong,1177000,23-Feb-2019,5,3,2,623,m2,House,https://www.domain.com.au/8-owen-street-maribyrnong-vic-3032-2014902258,,0.5-0.7-0.9,3,Feb/2019/1177000.0/SOLD-Jun/2013/875000.0/SOLD-Nov/2001/215000.0/SOLD,0,0,0,0,0,0,0,0,0,0,0,0,0,0,0,0,0,0,0,0
23-saltwater-crescent-maribyrnong-vic-3032,Maribyrnong,1665000,15-May-2017,6,4,7,494,m2,House,https://www.domain.com.au/23-saltwater-crescent-maribyrnong-vic-3032-2013502469,Air conditioning-Built in wardrobes-Close to schools-Close to shops-Close to transport-Security Alarm-Garden-Secure Parking-Formal Lounge-Separate Dining-Terrace-Balcony,1.3-1.5-1.8,3,May/2017/1665000.0/SOLD-May/1998/164000.0/SOLD,0,1,0,1,1,0,1,1,1,0,0,0,0,0,1,1,0,1,0,0
1-mitchell-street-maribyrnong-vic-3032,Maribyrnong,1157000,25-Mar-2017,5,1,3,575,m2,House,https://www.domain.com.au/1-mitchell-street-maribyrnong-vic-3032-2013427353,,0.5-0.7-3.1,3,,0,0,0,0,0,0,0,0,0,0,0,0,0,0,0,0,0,0,0,0
12-the-esplanade-maribyrnong-vic-3032,Maribyrnong,1330000,15-Jul-2015,6,3,4,646,m2,House,https://www.domain.com.au/12-the-esplanade-maribyrnong-vic-3032-2011651943,Ensuite-Balcony-Remote Garage-Secure Parking-Fully fenced-Split System Heating-Split System AirCon-Built in wardrobes-Dishwasher-Ducted Heating-Stainless Steel Appliances,0.8-1.7-4.2,3,May/2015/1330000.0/SOLD-Apr/2014/1120000.0/SOLD-Oct/2007/825000.0/SOLD,1,0,0,1,1,0,0,0,0,1,1,0,1,1,0,0,0,1,0,0
