address,suburb,price,date,bedrooms,bathrooms,parking_spaces,land_size,land_size_unit,propertyType,url,houseFeatures,schoolsDistance,schoolsCount,salesHistory,heating,air_con,internal_laundry,built_in_wardrobes,secure_parking,study,close_to_shops,close_to_transport,close_to_schools,split_system,fully_fenced,solar_panels,dishwasher,garage,alarm,garden,deck,balcony,pool,spa
67-shepherd-street-surrey-hills-vic-3127,Surrey Hills,1244000,31-Jul-2021,2,1,1,265,m2,House,https://www.domain.com.au/67-shepherd-street-surrey-hills-vic-3127-2017092090,Air conditioning*-Gas*-Internal Laundry*-Secure Parking*-Heating*-Balcony / Deck*,1.3-2.6-2.7,3,Jul/2021/1244000.0/SOLD-Nov/1996/152500.0/SOLD-Aug/1992/155000.0/SOLD,1,1,1,0,1,0,0,0,0,0,0,0,0,0,0,0,1,1,0,0
36-glendale-street-surrey-hills-vic-3127,Surrey Hills,990000,01-May-2021,2,1,1,256,m2,House,https://www.domain.com.au/36-glendale-street-surrey-hills-vic-3127-2016455203,,0.8-2.4-6.7,3,May/2021/990000.0/SOLD-Mar/2009/465000.0/SOLD,0,0,0,0,0,0,0,0,0,0,0,0,0,0,0,0,0,0,0,0
1/51-empress-road-surrey-hills-vic-3127,Surrey Hills,1252000,13-Mar-2021,2,2,2,298,m2,House,https://www.domain.com.au/1-51-empress-road-surrey-hills-vic-3127-2016812884,Internal Laundry*-Secure Parking*-Fireplace(s)*-Dishwasher*-Garden*,0.4-1.9-2,3,,0,0,1,0,1,0,0,0,0,0,0,0,1,0,0,1,0,0,0,0
1-harding-street-surrey-hills-vic-3127,Surrey Hills,1650000,13-May-2020,2,2,2,963,m2,House,https://www.domain.com.au/1-harding-street-surrey-hills-vic-3127-2016201513,,0.6-2.1-2.8,3,May/2020/1650000.0/SOLD,0,0,0,0,0,0,0,0,0,0,0,0,0,0,0,0,0,0,0,0
269-elgar-road-surrey-hills-vic-3127,Surrey Hills,1140000,02-May-2020,2,1,1,630,m2,House,https://www.domain.com.au/269-elgar-road-surrey-hills-vic-3127-2016115970,,1.2-2.6-2.6,3,May/2020/400.0/SOLD,0,0,0,0,0,0,0,0,0,0,0,0,0,0,0,0,0,0,0,0
7-glendale-street-surrey-hills-vic-3127,Surrey Hills,1510000,22-Feb-2020,2,1,1,629,m2,House,https://www.domain.com.au/7-glendale-street-surrey-hills-vic-3127-2016034251,,0.9-2.4-7,3,Feb/2020/1510000.0/SOLD,0,0,0,0,0,0,0,0,0,0,0,0,0,0,0,0,0,0,0,0
4-edyvean-street-surrey-hills-vic-3127,Surrey Hills,1545000,28-Oct-2019,2,1,2,666,m2,House,https://www.domain.com.au/4-edyvean-street-surrey-hills-vic-3127-2015627213,,0.6-2.4-2.8,3,Oct/2019/1545000.0/SOLD-Jan/1978/34400.0/SOLD,0,0,0,0,0,0,0,0,0,0,0,0,0,0,0,0,0,0,0,0
13-sunbury-crescent-surrey-hills-vic-3127,Surrey Hills,1560000,29-Nov-2018,2,1,2,1260,m2,House,https://www.domain.com.au/13-sunbury-crescent-surrey-hills-vic-3127-2014680241,,0.6-2-2.2,3,Nov/2018/1560000.0/SOLD,0,0,0,0,0,0,0,0,0,0,0,0,0,0,0,0,0,0,0,0
47-warrigal-road-surrey-hills-vic-3127,Surrey Hills,1235000,12-Dec-2017,2,1,2,670,m2,House,https://www.domain.com.au/47-warrigal-road-surrey-hills-vic-3127-2013968942,,0.6-2.3-6.5,3,Sep/2019/1275000.0/SOLD-Dec/2017/475.0/SOLD,0,0,0,0,0,0,0,0,0,0,0,0,0,0,0,0,0,0,0,0
4-frimley-road-surrey-hills-vic-3127,Surrey Hills,1376000,18-Nov-2017,2,1,2,337,m2,House,https://www.domain.com.au/4-frimley-road-surrey-hills-vic-3127-2013948828,,0.6-1.9-2.3,3,Mar/2018/1376000.0/SOLD-Dec/2003/366500.0/SOLD,0,0,0,0,0,0,0,0,0,0,0,0,0,0,0,0,0,0,0,0
15-charles-street-surrey-hills-vic-3127,Surrey Hills,1930000,31-Jul-2017,2,1,1,858,m2,House,https://www.domain.com.au/15-charles-street-surrey-hills-vic-3127-2013672743,,1-1.8-2.3,3,Jul/2017/1930000.0/SOLD,0,0,0,0,0,0,0,0,0,0,0,0,0,0,0,0,0,0,0,0
1/6-blackburn-street-surrey-hills-vic-3127,Surrey Hills,1250000,12-May-2017,2,2,1,323,m2,House,https://www.domain.com.au/1-6-blackburn-street-surrey-hills-vic-3127-2013543395,,0.3-1.9-2.5,3,,0,0,0,0,0,0,0,0,0,0,0,0,0,0,0,0,0,0,0,0
9-chestnut-street-surrey-hills-vic-3127,Surrey Hills,1529000,20-Jun-2015,2,1,1,832,m2,House,https://www.domain.com.au/9-chestnut-street-surrey-hills-vic-3127-2012003418,,1.4-2.9-3,3,,0,0,0,0,0,0,0,0,0,0,0,0,0,0,0,0,0,0,0,0
61-union-road-;--corner-warwick-avenue-surrey-hills-vic-3127,Surrey Hills,750000,14-Sep-2013,2,1,2,429,m2,House,https://www.domain.com.au/61-union-road-corner-warwick-avenue-surrey-hills-vic-3127-2010662425,,0.6-2.1-2.5,3,,0,0,0,0,0,0,0,0,0,0,0,0,0,0,0,0,0,0,0,0
1/16-sherwood-road-surrey-hills-vic-3127,Surrey Hills,811000,17-Aug-2013,2,1,1,360,m2,House,https://www.domain.com.au/1-16-sherwood-road-surrey-hills-vic-3127-2010597512,,0.9-2.6-6.8,3,,0,0,0,0,0,0,0,0,0,0,0,0,0,0,0,0,0,0,0,0
21-ross-street-surrey-hills-vic-3127,Surrey Hills,875000,13-Sep-2012,2,1,2,627,m2,House,https://www.domain.com.au/21-ross-street-surrey-hills-vic-3127-2009874744,,0.2-1.8-2.1,3,Apr/2013/1057500.0/SOLD-Sep/2012/875000.0/SOLD-Mar/1977/40000.0/SOLD,0,0,0,0,0,0,0,0,0,0,0,0,0,0,0,0,0,0,0,0
34-pine-street-surrey-hills-vic-3127,Surrey Hills,563000,27-Sep-2011,2,1,2,329,m2,House,https://www.domain.com.au/34-pine-street-surrey-hills-vic-3127-2009194128,,1-2.6-3,3,Mar/2019/1060000.0/SOLD-Sep/2011/563000.0/SOLD,0,0,0,0,0,0,0,0,0,0,0,0,0,0,0,0,0,0,0,0
381-canterbury-road-surrey-hills-vic-3127,Surrey Hills,1510000,04-Dec-2021,3,1,4,414,m2,House,https://www.domain.com.au/381-canterbury-road-surrey-hills-vic-3127-2017137407,Air conditioning*-Internal Laundry*-Fireplace(s)*-Heating*-Dishwasher*-Garden*-Balcony / Deck*,0.8-1.5-1.7,3,Dec/2021/1510000.0/SOLD-Mar/2016/550.0/SOLD,1,1,1,0,0,0,0,0,0,0,0,0,1,0,0,1,1,1,0,0
1057-riversdale-road-surrey-hills-vic-3127,Surrey Hills,962500,22-Nov-2021,3,1,4,300,m2,House,https://www.domain.com.au/1057-riversdale-road-surrey-hills-vic-3127-2016943200,Garden*,1-3-7.2,3,Nov/2021/962500.0/SOLD-May/2007/515000.0/SOLD-Mar/1985/90000.0/SOLD,0,0,0,0,0,0,0,0,0,0,0,0,0,0,0,1,0,0,0,0
1/106-broughton-road-surrey-hills-vic-3127,Surrey Hills,1700000,25-Oct-2021,3,2,2,398,m2,House,https://www.domain.com.au/1-106-broughton-road-surrey-hills-vic-3127-2017128666,Air conditioning*-Internal Laundry*-Secure Parking*-Fireplace(s)*-Heating*-Dishwasher*-Shed*,1.2-2.8-3.1,3,,1,1,1,0,1,0,0,0,0,0,0,0,1,0,0,0,0,0,0,0
10-albert-street-surrey-hills-vic-3127,Surrey Hills,2205000,26-Jul-2021,3,2,2,521,m2,House,https://www.domain.com.au/10-albert-street-surrey-hills-vic-3127-2017100068,,0.3-1.2-2,3,Jul/2021/2205000.0/SOLD,0,0,0,0,0,0,0,0,0,0,0,0,0,0,0,0,0,0,0,0
1093-riversdale-rd-surrey-hills-vic-3127,Surrey Hills,2240000,21-Jul-2021,3,1,2,840,m2,House,https://www.domain.com.au/1093-riversdale-rd-surrey-hills-vic-3127-2016769500,Garden*,1.2-3-7.2,3,,0,0,0,0,0,0,0,0,0,0,0,0,0,0,0,1,0,0,0,0
8-neath-street-surrey-hills-vic-3127,Surrey Hills,2359000,14-Jul-2021,3,1,1,774,m2,House,https://www.domain.com.au/8-neath-street-surrey-hills-vic-3127-2017083556,,0.2-1.7-2,3,Jul/2021/2359000.0/SOLD,0,0,0,0,0,0,0,0,0,0,0,0,0,0,0,0,0,0,0,0
1025-riversdale-road-surrey-hills-vic-3127,Surrey Hills,1760000,14-May-2021,3,2,2,930,m2,House,https://www.domain.com.au/1025-riversdale-road-surrey-hills-vic-3127-2016906876,,0.9-2.8-7.1,3,May/2021/1760000.0/SOLD-Aug/2012/650.0/SOLD,0,0,0,0,0,0,0,0,0,0,0,0,0,0,0,0,0,0,0,0
49-russell-street-surrey-hills-vic-3127,Surrey Hills,1830000,17-Apr-2021,3,2,2,583,m2,House,https://www.domain.com.au/49-russell-street-surrey-hills-vic-3127-2016880209,,0.5-2.4-6.4,3,Apr/2021/1830000.0/SOLD,0,0,0,0,0,0,0,0,0,0,0,0,0,0,0,0,0,0,0,0
28-arundel-crescent-surrey-hills-vic-3127,Surrey Hills,2150000,27-Mar-2021,3,2,2,627,m2,House,https://www.domain.com.au/28-arundel-crescent-surrey-hills-vic-3127-2016838118,,0.8-1.7-2.4,3,,0,0,0,0,0,0,0,0,0,0,0,0,0,0,0,0,0,0,0,0
10-sherwood-road-surrey-hills-vic-3127,Surrey Hills,2660000,24-Mar-2021,3,3,3,834,m2,House,https://www.domain.com.au/10-sherwood-road-surrey-hills-vic-3127-2016854016,Study,0.9-2.7-6.8,3,Mar/2021/2660000.0/SOLD-Sep/2006/879000.0/SOLD-Sep/2000/350000.0/SOLD,0,0,0,0,0,1,0,0,0,0,0,0,0,0,0,0,0,0,0,0
53-suffolk-road-surrey-hills-vic-3127,Surrey Hills,2155000,20-Mar-2021,3,2,1,723,m2,House,https://www.domain.com.au/53-suffolk-road-surrey-hills-vic-3127-2016812943,,0.8-1.8-2.4,3,Mar/2021/2155000.0/SOLD-Oct/2007/1050000.0/SOLD,0,0,0,0,0,0,0,0,0,0,0,0,0,0,0,0,0,0,0,0
26-ross-street-surrey-hills-vic-3127,Surrey Hills,1910000,20-Mar-2021,3,1,3,641,m2,House,https://www.domain.com.au/26-ross-street-surrey-hills-vic-3127-2016824566,,0.1-1.8-2,3,Mar/2021/1910000.0/SOLD,0,0,0,0,0,0,0,0,0,0,0,0,0,0,0,0,0,0,0,0
30-glendale-street-surrey-hills-vic-3127,Surrey Hills,1684000,20-Mar-2021,3,1,1,600,m2,House,https://www.domain.com.au/30-glendale-street-surrey-hills-vic-3127-2016821721,,0.8-2.4-6.7,3,Mar/2021/1684000.0/SOLD,0,0,0,0,0,0,0,0,0,0,0,0,0,0,0,0,0,0,0,0
68-park-road-surrey-hills-vic-3127,Surrey Hills,1966000,20-Mar-2021,3,1,1,768,m2,House,https://www.domain.com.au/68-park-road-surrey-hills-vic-3127-2016807977,Air conditioning*-Built in wardrobes*-Internal Laundry*-Secure Parking*-Garden*-Solar panels*,1.1-2.9-7,3,Mar/2021/1966000.0/SOLD-Oct/1982/59000.0/SOLD,0,1,1,1,1,0,0,0,0,0,0,1,0,0,0,1,0,0,0,0
9a-shepherd-street-surrey-hills-vic-3127,Surrey Hills,1000000,20-Feb-2021,3,2,1,350,m2,House,https://www.domain.com.au/9a-shepherd-street-surrey-hills-vic-3127-2016766450,,0.8-2.6-2.9,3,Feb/2021/530.0/SOLD-Nov/2013/1000000.0/SOLD,0,0,0,0,0,0,0,0,0,0,0,0,0,0,0,0,0,0,0,0
64-warrigal-road-surrey-hills-vic-3127,Surrey Hills,1180000,29-Dec-2020,3,2,3,383,m2,House,https://www.domain.com.au/64-warrigal-road-surrey-hills-vic-3127-2016550114,Air conditioning-Built in wardrobes-Close to schools-Close to shops-Close to transport-Garden-Secure Parking-Floorboards-Dishwasher-Gas cooking-Caesar stone benchtops-New gas ducted heating system-Two split system reverse cycle air-conditioning units-Entertainers deck-8 person heated swim spa-Private and secure security gate-Ornate cornices-High ceilings,0.8-2.3-6.7,3,Dec/2020/1180000.0/SOLD-Mar/2012/570000.0/SOLD,1,1,0,1,1,0,1,1,1,1,0,0,1,0,0,1,1,0,0,1
1a-broughton-road-surrey-hills-vic-3127,Surrey Hills,1550000,12-Dec-2020,3,2,2,583,m2,House,https://www.domain.com.au/1a-broughton-road-surrey-hills-vic-3127-2016629329,,0.3-2.1-2.8,3,Dec/2020/1550000.0/SOLD-Oct/2006/700000.0/SOLD-Feb/1999/365000.0/SOLD,0,0,0,0,0,0,0,0,0,0,0,0,0,0,0,0,0,0,0,0
14-pine-street-surrey-hills-vic-3127,Surrey Hills,1600000,24-Nov-2020,3,2,2,413,m2,House,https://www.domain.com.au/14-pine-street-surrey-hills-vic-3127-2016597491,,1.2-2.9-3.1,3,Nov/2020/1600000.0/SOLD-Feb/2001/430255.0/SOLD,0,0,0,0,0,0,0,0,0,0,0,0,0,0,0,0,0,0,0,0
8-warwick-court-surrey-hills-vic-3127,Surrey Hills,1720000,05-Aug-2020,3,2,2,313,m2,House,https://www.domain.com.au/8-warwick-court-surrey-hills-vic-3127-2016358158,,0.4-2.3-6.3,3,Aug/2020/1720000.0/SOLD-Jul/2009/505000.0/SOLD,0,0,0,0,0,0,0,0,0,0,0,0,0,0,0,0,0,0,0,0
4-graham-street-surrey-hills-vic-3127,Surrey Hills,1625000,10-Jul-2020,3,1,2,652,m2,House,https://www.domain.com.au/4-graham-street-surrey-hills-vic-3127-2016330928,,0.9-2.2-7,3,Jul/2020/1625000.0/SOLD,0,0,0,0,0,0,0,0,0,0,0,0,0,0,0,0,0,0,0,0
6-shepreth-street-surrey-hills-vic-3127,Surrey Hills,1760000,11-Jun-2020,3,1,2,850,m2,House,https://www.domain.com.au/6-shepreth-street-surrey-hills-vic-3127-2016282498,,0.2-1.9-1.9,3,Jun/2020/1760000.0/SOLD,0,0,0,0,0,0,0,0,0,0,0,0,0,0,0,0,0,0,0,0
85a-durham-road-surrey-hills-vic-3127,Surrey Hills,1650000,30-May-2020,3,2,1,500,m2,House,https://www.domain.com.au/85a-durham-road-surrey-hills-vic-3127-2016263074,,0.7-1.6-2.4,3,May/2020/1650000.0/SOLD-May/2011/750000.0/SOLD,0,0,0,0,0,0,0,0,0,0,0,0,0,0,0,0,0,0,0,0
9a-newton-street-surrey-hills-vic-3127,Surrey Hills,1425000,16-Apr-2020,3,1,1,690,m2,House,https://www.domain.com.au/9a-newton-street-surrey-hills-vic-3127-2016214383,,0.8-2.2-2.7,3,Apr/2020/1425000.0/SOLD,0,0,0,0,0,0,0,0,0,0,0,0,0,0,0,0,0,0,0,0
18-redvers-street-surrey-hills-vic-3127,Surrey Hills,1730000,09-Apr-2020,3,2,2,605,m2,House,https://www.domain.com.au/18-redvers-street-surrey-hills-vic-3127-2016187026,,0.6-1.4-1.7,3,Oct/2020/1500000.0/SOLD,0,0,0,0,0,0,0,0,0,0,0,0,0,0,0,0,0,0,0,0
2a-warwick-avenue-surrey-hills-vic-3127,Surrey Hills,1800000,21-Mar-2020,3,2,1,430,m2,House,https://www.domain.com.au/2a-warwick-avenue-surrey-hills-vic-3127-2016093684,,0.6-2.1-6.4,3,Mar/2020/1800000.0/SOLD,0,0,0,0,0,0,0,0,0,0,0,0,0,0,0,0,0,0,0,0
25-boisdale-street-surrey-hills-vic-3127,Surrey Hills,1562000,21-Mar-2020,3,2,2,426,m2,House,https://www.domain.com.au/25-boisdale-street-surrey-hills-vic-3127-2016125027,,1-2.6-7,3,Mar/2020/1562000.0/SOLD-Apr/1999/390000.0/SOLD-Aug/1996/186500.0/SOLD,0,0,0,0,0,0,0,0,0,0,0,0,0,0,0,0,0,0,0,0
1/1047-riversdale-road-surrey-hills-vic-3127,Surrey Hills,1300000,12-Mar-2020,3,2,2,328,m2,House,https://www.domain.com.au/1-1047-riversdale-road-surrey-hills-vic-3127-2016028919,,1-3-7.2,3,,0,0,0,0,0,0,0,0,0,0,0,0,0,0,0,0,0,0,0,0
1/275-elgar-road-surrey-hills-vic-3127,Surrey Hills,955000,07-Mar-2020,3,1,1,371,m2,House,https://www.domain.com.au/1-275-elgar-road-surrey-hills-vic-3127-2016061456,,1.2-2.5-2.6,3,,0,0,0,0,0,0,0,0,0,0,0,0,0,0,0,0,0,0,0,0
4-6-shepherd-street-surrey-hills-vic-3127,Surrey Hills,2780000,07-Mar-2020,3,2,2,1330,m2,House,https://www.domain.com.au/4-6-shepherd-street-surrey-hills-vic-3127-2016068190,,0.8-2.6-2.9,3,,0,0,0,0,0,0,0,0,0,0,0,0,0,0,0,0,0,0,0,0
306-canterbury-road-surrey-hills-vic-3127,Surrey Hills,1410000,29-Feb-2020,3,1,1,713,m2,House,https://www.domain.com.au/306-canterbury-road-surrey-hills-vic-3127-2016045177,,0.8-1.7-2,3,Feb/2020/1410000.0/SOLD,0,0,0,0,0,0,0,0,0,0,0,0,0,0,0,0,0,0,0,0
572-whitehorse-road-surrey-hills-vic-3127,Surrey Hills,1730000,05-Feb-2020,3,1,3,815,m2,House,https://www.domain.com.au/572-whitehorse-road-surrey-hills-vic-3127-2015783600,Secure Parking-Floorboards-Built in wardrobes-Internal Laundry-Gas-Bath-North Facing,0.3-1.2-1.9,3,Dec/2019/480.0/SOLD,0,0,1,1,1,0,0,0,0,0,0,0,0,0,0,0,0,0,0,0
9-chester-street-surrey-hills-vic-3127,Surrey Hills,1769500,14-Dec-2019,3,1,2,674,m2,House,https://www.domain.com.au/9-chester-street-surrey-hills-vic-3127-2015882301,,0.9-2.4-6.8,3,Dec/2019/1769500.0/SOLD,0,0,0,0,0,0,0,0,0,0,0,0,0,0,0,0,0,0,0,0
16-queen-street-surrey-hills-vic-3127,Surrey Hills,2220000,07-Dec-2019,3,1,3,804,m2,House,https://www.domain.com.au/16-queen-street-surrey-hills-vic-3127-2015873345,,0.4-1.3-2.2,3,Dec/2019/2220000.0/SOLD-Dec/2014/1425000.0/SOLD-Jun/1998/1715.0/SOLD,0,0,0,0,0,0,0,0,0,0,0,0,0,0,0,0,0,0,0,0
69-russell-street-surrey-hills-vic-3127,Surrey Hills,1666000,07-Dec-2019,3,2,5,577,m2,House,https://www.domain.com.au/69-russell-street-surrey-hills-vic-3127-2015857916,Air conditioning-Heating-Built in wardrobes-Alarm System-Intercom-Pets Allowed-Car Parking - Basement-Car Parking - Surface-Ducted Heating-Automatic Irrigation-Dishwasher-Ducted Cooling-Remote Control Garage,0.7-2.4-6.6,3,Dec/2019/1666000.0/SOLD,1,1,0,1,0,0,0,0,0,0,0,0,1,1,1,0,0,0,0,0
446-whitehorse-road-surrey-hills-vic-3127,Surrey Hills,1370000,30-Nov-2019,3,1,1,483,m2,House,https://www.domain.com.au/446-whitehorse-road-surrey-hills-vic-3127-2015842682,Fireplace(s)-Secure Parking,0.3-1.8-2,3,Nov/2019/400.0/SOLD,0,0,0,0,1,0,0,0,0,0,0,0,0,0,0,0,0,0,0,0
24-oak-street-surrey-hills-vic-3127,Surrey Hills,1350000,09-Nov-2019,3,2,2,377,m2,House,https://www.domain.com.au/24-oak-street-surrey-hills-vic-3127-2015745246,,1.1-2.6-2.8,3,Nov/2019/1350000.0/SOLD-Aug/2011/450.0/SOLD,0,0,0,0,0,0,0,0,0,0,0,0,0,0,0,0,0,0,0,0
981-riversdale-road-surrey-hills-vic-3127,Surrey Hills,1335000,19-Oct-2019,3,1,2,674,m2,House,https://www.domain.com.au/981-riversdale-road-surrey-hills-vic-3127-2015652395,,0.8-2.3-7.1,3,Oct/2019/1335000.0/SOLD-Sep/2006/610000.0/SOLD,0,0,0,0,0,0,0,0,0,0,0,0,0,0,0,0,0,0,0,0
50-boisdale-street-surrey-hills-vic-3127,Surrey Hills,1607000,05-Oct-2019,3,1,1,930,m2,House,https://www.domain.com.au/50-boisdale-street-surrey-hills-vic-3127-2015496637,Close to schools-Close to shops-Close to transport,1.1-2.8-7,3,Oct/2019/500.0/SOLD,0,0,0,0,0,0,1,1,1,0,0,0,0,0,0,0,0,0,0,0
8-glendale-street-surrey-hills-vic-3127,Surrey Hills,1511000,07-Sep-2019,3,2,2,458,m2,House,https://www.domain.com.au/8-glendale-street-surrey-hills-vic-3127-2015511407,,1-2.4-7,3,Sep/2019/1511000.0/SOLD-Mar/2012/968000.0/SOLD-Jul/2010/975000.0/SOLD,0,0,0,0,0,0,0,0,0,0,0,0,0,0,0,0,0,0,0,0
20-oak-street-surrey-hills-vic-3127,Surrey Hills,1850000,31-Aug-2019,3,1,2,819,m2,House,https://www.domain.com.au/20-oak-street-surrey-hills-vic-3127-2015495656,,1.2-2.7-2.8,3,Aug/2019/450.0/SOLD-Sep/2018/1850000.0/SOLD,0,0,0,0,0,0,0,0,0,0,0,0,0,0,0,0,0,0,0,0
13-vincent-street-surrey-hills-vic-3127,Surrey Hills,1738000,28-May-2019,3,1,3,673,m2,House,https://www.domain.com.au/13-vincent-street-surrey-hills-vic-3127-2015217991,,0.5-2-2.3,3,May/2019/550.0/SOLD,0,0,0,0,0,0,0,0,0,0,0,0,0,0,0,0,0,0,0,0
31-langford-street-surrey-hills-vic-3127,Surrey Hills,2080000,25-May-2019,3,1,2,794,m2,House,https://www.domain.com.au/31-langford-street-surrey-hills-vic-3127-2015218620,,0.4-1.7-2.3,3,May/2019/2080000.0/SOLD,0,0,0,0,0,0,0,0,0,0,0,0,0,0,0,0,0,0,0,0
15-shepherd-street-surrey-hills-vic-3127,Surrey Hills,1315000,30-Mar-2019,3,2,2,381,m2,House,https://www.domain.com.au/15-shepherd-street-surrey-hills-vic-3127-2014979422,,0.9-2.6-2.9,3,Mar/2019/1315000.0/SOLD-Feb/2013/928000.0/SOLD,0,0,0,0,0,0,0,0,0,0,0,0,0,0,0,0,0,0,0,0
9-weybridge-street-surrey-hills-vic-3127,Surrey Hills,2350000,23-Mar-2019,3,1,2,797,m2,House,https://www.domain.com.au/9-weybridge-street-surrey-hills-vic-3127-2014976190,,0.5-1.6-2.4,3,Mar/2019/2350000.0/SOLD,0,0,0,0,0,0,0,0,0,0,0,0,0,0,0,0,0,0,0,0
17-banool-road-surrey-hills-vic-3127,Surrey Hills,1282500,16-Feb-2019,3,1,2,420,m2,House,https://www.domain.com.au/17-banool-road-surrey-hills-vic-3127-2014889717,,0.2-1.8-2,3,Feb/2019/1282500.0/SOLD,0,0,0,0,0,0,0,0,0,0,0,0,0,0,0,0,0,0,0,0
3-como-avenue-surrey-hills-vic-3127,Surrey Hills,2100000,05-Feb-2019,3,2,2,684,m2,House,https://www.domain.com.au/3-como-avenue-surrey-hills-vic-3127-2014912271,,0.3-1.7-2.1,3,Feb/2019/850.0/SOLD-Apr/2010/2100000.0/SOLD,0,0,0,0,0,0,0,0,0,0,0,0,0,0,0,0,0,0,0,0
8-junction-road-surrey-hills-vic-3127,Surrey Hills,1418000,17-Jan-2019,3,1,2,606,m2,House,https://www.domain.com.au/8-junction-road-surrey-hills-vic-3127-2014735910,,0.8-1.6-1.7,3,Dec/2018/1418000.0/SOLD,0,0,0,0,0,0,0,0,0,0,0,0,0,0,0,0,0,0,0,0
36-newton-street-surrey-hills-vic-3127,Surrey Hills,1646000,22-Sep-2018,3,2,2,706,m2,House,https://www.domain.com.au/36-newton-street-surrey-hills-vic-3127-2014597552,,0.9-2.5-2.8,3,Sep/2018/1646000.0/SOLD-Oct/1988/165000.0/SOLD-Mar/1982/46000.0/SOLD,0,0,0,0,0,0,0,0,0,0,0,0,0,0,0,0,0,0,0,0
57-kingston-road-surrey-hills-vic-3127,Surrey Hills,1537000,30-Jun-2018,3,2,2,294,m2,House,https://www.domain.com.au/57-kingston-road-surrey-hills-vic-3127-2014423213,Ensuite,0.7-1.9-2.1,3,Jun/2018/1537000.0/SOLD-Aug/2014/599000.0/SOLD,0,0,0,0,0,0,0,0,0,0,0,0,0,0,0,0,0,0,0,0
36-croydon-road-surrey-hills-vic-3127,Surrey Hills,1795000,30-Jun-2018,3,1,2,766,m2,House,https://www.domain.com.au/36-croydon-road-surrey-hills-vic-3127-2014437246,,0.7-1.8-1.8,3,Jun/2018/1795000.0/SOLD-Jan/1988/525.0/SOLD,0,0,0,0,0,0,0,0,0,0,0,0,0,0,0,0,0,0,0,0
6-south-court-surrey-hills-vic-3127,Surrey Hills,1402000,23-Jun-2018,3,1,3,352,m2,House,https://www.domain.com.au/6-south-court-surrey-hills-vic-3127-2014406100,,0.9-2.2-7,3,Jun/2018/670.0/SOLD,0,0,0,0,0,0,0,0,0,0,0,0,0,0,0,0,0,0,0,0
424a-whitehorse-road-surrey-hills-vic-3127,Surrey Hills,1375000,14-Jun-2018,3,1,2,530,m2,House,https://www.domain.com.au/424a-whitehorse-road-surrey-hills-vic-3127-2014310463,,0.4-1.8-2,3,Jun/2018/1375000.0/SOLD-Oct/2015/600.0/SOLD,0,0,0,0,0,0,0,0,0,0,0,0,0,0,0,0,0,0,0,0
56-croydon-road-surrey-hills-vic-3127,Surrey Hills,1550000,19-May-2018,3,3,2,383,m2,House,https://www.domain.com.au/56-croydon-road-surrey-hills-vic-3127-2014320158,,0.7-1.9-2,3,May/2018/1550000.0/SOLD-Feb/2001/430000.0/SOLD-Nov/1995/290000.0/SOLD,0,0,0,0,0,0,0,0,0,0,0,0,0,0,0,0,0,0,0,0
16-sir-garnet-road-surrey-hills-vic-3127,Surrey Hills,1285000,07-May-2018,3,1,1,340,m2,House,https://www.domain.com.au/16-sir-garnet-road-surrey-hills-vic-3127-2014274501,,0.5-1.6-1.7,3,Apr/2018/1285000.0/SOLD-Feb/2004/455200.0/SOLD,0,0,0,0,0,0,0,0,0,0,0,0,0,0,0,0,0,0,0,0
3-alandale-street-surrey-hills-vic-3127,Surrey Hills,1680000,03-Apr-2018,3,1,1,835,m2,House,https://www.domain.com.au/3-alandale-street-surrey-hills-vic-3127-2014199911,,1-2.8-7.1,3,Mar/2020/2750000.0/SOLD-Jan/2018/1680000.0/SOLD-Aug/1985/105000.0/SOLD,0,0,0,0,0,0,0,0,0,0,0,0,0,0,0,0,0,0,0,0
42-wandsworth-road-surrey-hills-vic-3127,Surrey Hills,2300000,28-Mar-2018,3,2,2,780,m2,House,https://www.domain.com.au/42-wandsworth-road-surrey-hills-vic-3127-2014207519,,0.5-1.7-2.3,3,Mar/2018/2300000.0/SOLD,0,0,0,0,0,0,0,0,0,0,0,0,0,0,0,0,0,0,0,0
1a-scottsdale-street-surrey-hills-vic-3127,Surrey Hills,1555000,24-Mar-2018,3,2,2,316,m2,House,https://www.domain.com.au/1a-scottsdale-street-surrey-hills-vic-3127-2014204913,,0.7-2.3-6.6,3,Mar/2018/1555000.0/SOLD-Oct/2010/1090000.0/SOLD,0,0,0,0,0,0,0,0,0,0,0,0,0,0,0,0,0,0,0,0
20-erasmus-street-surrey-hills-vic-3127,Surrey Hills,2125000,17-Mar-2018,3,1,4,808,m2,House,https://www.domain.com.au/20-erasmus-street-surrey-hills-vic-3127-2014180248,,0.9-2.4-2.8,3,Dec/2019/475.0/SOLD-Mar/2018/1506000.0/SOLD,0,0,0,0,0,0,0,0,0,0,0,0,0,0,0,0,0,0,0,0
5-david-street-surrey-hills-vic-3127,Surrey Hills,1650000,06-Feb-2018,3,2,2,307,m2,House,https://www.domain.com.au/5-david-street-surrey-hills-vic-3127-2014061900,,0.6-2-2.2,3,Feb/2018/795.0/SOLD-Aug/2007/1650000.0/SOLD,0,0,0,0,0,0,0,0,0,0,0,0,0,0,0,0,0,0,0,0
87-durham-road-surrey-hills-vic-3127,Surrey Hills,1372000,18-Nov-2017,3,1,3,500,m2,House,https://www.domain.com.au/87-durham-road-surrey-hills-vic-3127-2013950611,,0.7-1.6-2.4,3,Nov/2017/1372000.0/SOLD-Nov/1990/153000.0/SOLD-Feb/1989/160000.0/SOLD,0,0,0,0,0,0,0,0,0,0,0,0,0,0,0,0,0,0,0,0
92-warrigal-road-surrey-hills-vic-3127,Surrey Hills,1570000,03-Nov-2017,3,2,1,739,m2,House,https://www.domain.com.au/92-warrigal-road-surrey-hills-vic-3127-2013929415,,1-2.3-6.9,3,Nov/2017/1570000.0/SOLD-Sep/2006/479950.0/SOLD,0,0,0,0,0,0,0,0,0,0,0,0,0,0,0,0,0,0,0,0
33-warrigal-road-surrey-hills-vic-3127,Surrey Hills,1285000,21-Oct-2017,3,2,2,736,m2,House,https://www.domain.com.au/33-warrigal-road-surrey-hills-vic-3127-2013874553,,0.5-2.3-6.4,3,Oct/2017/690.0/SOLD,0,0,0,0,0,0,0,0,0,0,0,0,0,0,0,0,0,0,0,0
12-arthur-street-surrey-hills-vic-3127,Surrey Hills,1465000,23-Sep-2017,3,2,2,293,m2,House,https://www.domain.com.au/12-arthur-street-surrey-hills-vic-3127-2013810796,,0.9-1.9-2.4,3,Sep/2017/1465000.0/SOLD-Sep/2006/600000.0/SOLD-Jul/2001/442500.0/SOLD,0,0,0,0,0,0,0,0,0,0,0,0,0,0,0,0,0,0,0,0
5-anderson-street-surrey-hills-vic-3127,Surrey Hills,1571000,09-Sep-2017,3,1,1,411,m2,House,https://www.domain.com.au/5-anderson-street-surrey-hills-vic-3127-2013781322,Ducted Heating-Dishwasher-Open Fireplace-Built in wardrobes-Floorboards-Split System AirCon,0.7-1.9-2.5,3,Sep/2017/1571000.0/SOLD-Aug/1996/170000.0/SOLD-Oct/1995/159000.0/SOLD,1,0,0,1,0,0,0,0,0,1,0,0,1,0,0,0,0,0,0,0
8-sherwood-road-surrey-hills-vic-3127,Surrey Hills,2088888,30-Aug-2017,3,1,1,780,m2,House,https://www.domain.com.au/8-sherwood-road-surrey-hills-vic-3127-2013732331,,0.9-2.7-6.8,3,May/2018/2180000.0/SOLD-Aug/2017/2088887.9999999998/SOLD,0,0,0,0,0,0,0,0,0,0,0,0,0,0,0,0,0,0,0,0
53-park-road-surrey-hills-vic-3127,Surrey Hills,2567500,19-Aug-2017,3,2,2,1004,m2,House,https://www.domain.com.au/53-park-road-surrey-hills-vic-3127-2013737569,,1.1-3-7.1,3,Aug/2017/520.0/SOLD,0,0,0,0,0,0,0,0,0,0,0,0,0,0,0,0,0,0,0,0
23-bristol-street-surrey-hills-vic-3127,Surrey Hills,2225000,22-Jul-2017,3,1,2,829,m2,House,https://www.domain.com.au/23-bristol-street-surrey-hills-vic-3127-2013682096,,0.4-1.4-2.1,3,May/2021/2401000.0/SOLD-Jul/2017/2225000.0/SOLD,0,0,0,0,0,0,0,0,0,0,0,0,0,0,0,0,0,0,0,0
35a-russell-street-surrey-hills-vic-3127,Surrey Hills,1385000,01-Jul-2017,3,2,1,385,m2,House,https://www.domain.com.au/35a-russell-street-surrey-hills-vic-3127-2013635921,,0.4-2.4-2.5,3,Nov/2020/1600000.0/SOLD-Jul/2017/1385000.0/SOLD-Aug/2010/860000.0/SOLD,0,0,0,0,0,0,0,0,0,0,0,0,0,0,0,0,0,0,0,0
33-kingston-road-surrey-hills-vic-3127,Surrey Hills,1785000,27-May-2017,3,1,1,516,m2,House,https://www.domain.com.au/33-kingston-road-surrey-hills-vic-3127-2013563119,,0.7-1.7-1.9,3,May/2017/550.0/SOLD,0,0,0,0,0,0,0,0,0,0,0,0,0,0,0,0,0,0,0,0
1/251-elgar-road-surrey-hills-vic-3127,Surrey Hills,1128800,26-May-2017,3,2,3,365,m2,House,https://www.domain.com.au/1-251-elgar-road-surrey-hills-vic-3127-2013502420,,1.2-2.7-6.9,3,,0,0,0,0,0,0,0,0,0,0,0,0,0,0,0,0,0,0,0,0
61-broughton-road-surrey-hills-vic-3127,Surrey Hills,1525000,13-May-2017,3,2,2,347,m2,House,https://www.domain.com.au/61-broughton-road-surrey-hills-vic-3127-2013522354,,0.8-2.6-2.8,3,Feb/2020/1600000.0/SOLD-May/2017/1525000.0/SOLD-Mar/2011/891500.0/SOLD,0,0,0,0,0,0,0,0,0,0,0,0,0,0,0,0,0,0,0,0
49-boisdale-street-surrey-hills-vic-3127,Surrey Hills,1335000,29-Apr-2017,3,1,2,560,m2,House,https://www.domain.com.au/49-boisdale-street-surrey-hills-vic-3127-2013486415,,1.1-2.8-6.9,3,Apr/2017/1335000.0/SOLD-Sep/1979/40000.0/SOLD,0,0,0,0,0,0,0,0,0,0,0,0,0,0,0,0,0,0,0,0
452-whitehorse-road-surrey-hills-vic-3127,Surrey Hills,1080000,29-Mar-2017,3,1,2,481,m2,House,https://www.domain.com.au/452-whitehorse-road-surrey-hills-vic-3127-2013419819,,0.3-1.7-2.1,3,Mar/2017/1080000.0/SOLD,0,0,0,0,0,0,0,0,0,0,0,0,0,0,0,0,0,0,0,0
9-erasmus-street-surrey-hills-vic-3127,Surrey Hills,2550000,27-Feb-2017,3,1,2,977,m2,House,https://www.domain.com.au/9-erasmus-street-surrey-hills-vic-3127-2013366457,,0.8-2.3-2.8,3,Jul/2020/2700000.0/SOLD-Feb/2017/2550000.0/SOLD-May/2015/2215700.0/SOLD,0,0,0,0,0,0,0,0,0,0,0,0,0,0,0,0,0,0,0,0
14-park-road-surrey-hills-vic-3127,Surrey Hills,1135000,25-Feb-2017,3,1,2,414,m2,House,https://www.domain.com.au/14-park-road-surrey-hills-vic-3127-2013355507,,1.3-3-7.1,3,Mar/2019/1275000.0/SOLD-Feb/2017/1135000.0/SOLD,0,0,0,0,0,0,0,0,0,0,0,0,0,0,0,0,0,0,0,0
999a-riversdale-road-surrey-hills-vic-3127,Surrey Hills,1205000,28-Jan-2017,3,1,2,490,m2,House,https://www.domain.com.au/999a-riversdale-road-surrey-hills-vic-3127-2013262426,,0.8-2.5-7.1,3,Jan/2017/1205000.0/SOLD,0,0,0,0,0,0,0,0,0,0,0,0,0,0,0,0,0,0,0,0
39-bentley-street-surrey-hills-vic-3127,Surrey Hills,1755000,12-Nov-2016,3,2,2,808,m2,House,https://www.domain.com.au/39-bentley-street-surrey-hills-vic-3127-2013128073,,1.1-2.5-2.8,3,Nov/2016/780.0/SOLD,0,0,0,0,0,0,0,0,0,0,0,0,0,0,0,0,0,0,0,0
1/242-union-road-surrey-hills-vic-3127,Surrey Hills,1202000,17-Sep-2016,3,2,2,373,m2,House,https://www.domain.com.au/1-242-union-road-surrey-hills-vic-3127-2013002173,,0.5-1.4-2.1,3,,0,0,0,0,0,0,0,0,0,0,0,0,0,0,0,0,0,0,0,0
480-whitehorse-road-surrey-hills-vic-3127,Surrey Hills,1670000,13-Jul-2016,3,1,3,760,m2,House,https://www.domain.com.au/480-whitehorse-road-surrey-hills-vic-3127-2012785487,,0.5-1.5-2.1,3,,0,0,0,0,0,0,0,0,0,0,0,0,0,0,0,0,0,0,0,0
17-weybridge-street-surrey-hills-vic-3127,Surrey Hills,2300000,25-Jun-2016,3,2,1,728,m2,House,https://www.domain.com.au/17-weybridge-street-surrey-hills-vic-3127-2012831323,Study,0.4-1.7-2.3,3,Jun/2016/2300000.0/SOLD-Nov/2013/1500000.0/SOLD-Mar/1996/200000.0/SOLD,0,0,0,0,0,1,0,0,0,0,0,0,0,0,0,0,0,0,0,0
8-oak-street-surrey-hills-vic-3127,Surrey Hills,1315000,18-Jun-2016,3,2,1,363,m2,House,https://www.domain.com.au/8-oak-street-surrey-hills-vic-3127-2012816219,,1.3-2.9-3,3,Jun/2016/1315000.0/SOLD-Aug/2006/660000.0/SOLD-Aug/2003/590000.0/SOLD,0,0,0,0,0,0,0,0,0,0,0,0,0,0,0,0,0,0,0,0
79-broughton-road-surrey-hills-vic-3127,Surrey Hills,1490000,30-Apr-2016,3,2,3,764,m2,House,https://www.domain.com.au/79-broughton-road-surrey-hills-vic-3127-2012707741,,1-2.8-2.9,3,Apr/2016/1490000.0/SOLD,0,0,0,0,0,0,0,0,0,0,0,0,0,0,0,0,0,0,0,0
18-weybridge-street-surrey-hills-vic-3127,Surrey Hills,2515000,30-Apr-2016,3,1,2,920,m2,House,https://www.domain.com.au/18-weybridge-street-surrey-hills-vic-3127-2012710837,,0.4-1.8-2.2,3,Apr/2016/500.0/SOLD,0,0,0,0,0,0,0,0,0,0,0,0,0,0,0,0,0,0,0,0
68a-durham-road-surrey-hills-vic-3127,Surrey Hills,1390000,19-Mar-2016,3,1,1,488,m2,House,https://www.domain.com.au/68a-durham-road-surrey-hills-vic-3127-2012614609,,0.6-1.5-2.2,3,Mar/2016/1390000.0/SOLD,0,0,0,0,0,0,0,0,0,0,0,0,0,0,0,0,0,0,0,0
7-ross-street-surrey-hills-vic-3127,Surrey Hills,1770000,05-Mar-2016,3,1,1,611,m2,House,https://www.domain.com.au/7-ross-street-surrey-hills-vic-3127-2012570794,,0.3-1.7-2.1,3,Mar/2016/1770000.0/SOLD-Aug/1985/104200.0/SOLD,0,0,0,0,0,0,0,0,0,0,0,0,0,0,0,0,0,0,0,0
8-sherwood-road-surrey-hills-vic-3127,Surrey Hills,1559000,27-Feb-2016,3,1,1,780,m2,House,https://www.domain.com.au/8-sherwood-road-surrey-hills-vic-3127-2012562227,,0.9-2.7-6.8,3,May/2018/2180000.0/SOLD-Aug/2017/2088887.9999999998/SOLD,0,0,0,0,0,0,0,0,0,0,0,0,0,0,0,0,0,0,0,0
15-benson-street-surrey-hills-vic-3127,Surrey Hills,2230000,27-Feb-2016,3,1,4,780,m2,House,https://www.domain.com.au/15-benson-street-surrey-hills-vic-3127-2012554587,,0.1-1.8-2.1,3,Dec/2019/2802000.0/SOLD-Feb/2016/2230000.0/SOLD,0,0,0,0,0,0,0,0,0,0,0,0,0,0,0,0,0,0,0,0
50-boisdale-street-surrey-hills-vic-3127,Surrey Hills,1500000,22-Jan-2016,3,1,1,932,m2,House,https://www.domain.com.au/50-boisdale-street-surrey-hills-vic-3127-2012451842,,1.1-2.9-7,3,Oct/2019/500.0/SOLD,0,0,0,0,0,0,0,0,0,0,0,0,0,0,0,0,0,0,0,0
43-wandsworth-road-surrey-hills-vic-3127,Surrey Hills,2500000,12-Dec-2015,3,1,3,910,m2,House,https://www.domain.com.au/43-wandsworth-road-surrey-hills-vic-3127-2012427781,,0.4-1.8-2.2,3,Dec/2015/2500000.0/SOLD,0,0,0,0,0,0,0,0,0,0,0,0,0,0,0,0,0,0,0,0
26-shepherd-street-surrey-hills-vic-3127,Surrey Hills,1352000,05-Dec-2015,3,2,2,796,m2,House,https://www.domain.com.au/26-shepherd-street-surrey-hills-vic-3127-2012406681,,1-2.6-3,3,Dec/2015/1352000.0/SOLD-Nov/2008/600.0/SOLD,0,0,0,0,0,0,0,0,0,0,0,0,0,0,0,0,0,0,0,0
26b-chestnut-street-surrey-hills-vic-3127,Surrey Hills,1335000,01-Dec-2015,3,1,2,676,m2,House,https://www.domain.com.au/26b-chestnut-street-surrey-hills-vic-3127-2012385832,,1.3-2.7-2.8,3,Dec/2015/1335000.0/SOLD,0,0,0,0,0,0,0,0,0,0,0,0,0,0,0,0,0,0,0,0
14-benwerrin-road-surrey-hills-vic-3127,Surrey Hills,1721000,23-Nov-2015,3,2,2,743,m2,House,https://www.domain.com.au/14-benwerrin-road-surrey-hills-vic-3127-2012363429,,0.5-1.9-2.8,3,Nov/2015/1721000.0/SOLD,0,0,0,0,0,0,0,0,0,0,0,0,0,0,0,0,0,0,0,0
424a-whitehorse-road-surrey-hills-vic-3127,Surrey Hills,1305000,13-Oct-2015,3,1,2,530,m2,House,https://www.domain.com.au/424a-whitehorse-road-surrey-hills-vic-3127-2012207903,,0.4-1.8-2,3,Jun/2018/1375000.0/SOLD-Oct/2015/600.0/SOLD,0,0,0,0,0,0,0,0,0,0,0,0,0,0,0,0,0,0,0,0
12-chester-street-surrey-hills-vic-3127,Surrey Hills,1585000,10-Oct-2015,3,2,2,857,m2,House,https://www.domain.com.au/12-chester-street-surrey-hills-vic-3127-2012253490,,0.9-2.5-6.9,3,Oct/2015/1585000.0/SOLD-Sep/2008/965002.0/SOLD-Nov/2004/720000.0/SOLD,0,0,0,0,0,0,0,0,0,0,0,0,0,0,0,0,0,0,0,0
48-park-road-surrey-hills-vic-3127,Surrey Hills,1075000,26-Sep-2015,3,1,1,395,m2,House,https://www.domain.com.au/48-park-road-surrey-hills-vic-3127-2012220039,,1.2-3-3.1,3,Sep/2015/1075000.0/SOLD,0,0,0,0,0,0,0,0,0,0,0,0,0,0,0,0,0,0,0,0
3-theodore-street-surrey-hills-vic-3127,Surrey Hills,2350000,19-Sep-2015,3,2,3,566,m2,House,https://www.domain.com.au/3-theodore-street-surrey-hills-vic-3127-2012197174,,0.9-1.8-2.4,3,Sep/2015/2350000.0/SOLD-Jul/2008/395.0/SOLD,0,0,0,0,0,0,0,0,0,0,0,0,0,0,0,0,0,0,0,0
43-boisdale-street-surrey-hills-vic-3127,Surrey Hills,1330000,12-Sep-2015,3,3,2,337,m2,House,https://www.domain.com.au/43-boisdale-street-surrey-hills-vic-3127-2012187449,,1-2.8-7,3,Sep/2015/1330000.0/SOLD-Nov/2009/1000500.0/SOLD-Mar/2001/480000.0/SOLD,0,0,0,0,0,0,0,0,0,0,0,0,0,0,0,0,0,0,0,0
1/25-broughton-road-surrey-hills-vic-3127,Surrey Hills,1350000,29-Aug-2015,3,2,2,416,m2,House,https://www.domain.com.au/1-25-broughton-road-surrey-hills-vic-3127-2012150875,,0.5-2.3-2.8,3,,0,0,0,0,0,0,0,0,0,0,0,0,0,0,0,0,0,0,0,0
956-riversdale-road-surrey-hills-vic-3127,Surrey Hills,1865000,03-Aug-2015,3,2,2,925,m2,House,https://www.domain.com.au/956-riversdale-road-surrey-hills-vic-3127-2012078605,,0.8-2.1-7.1,3,Aug/2015/1865000.0/SOLD-May/1996/200000.0/SOLD,0,0,0,0,0,0,0,0,0,0,0,0,0,0,0,0,0,0,0,0
46-wandsworth-road-surrey-hills-vic-3127,Surrey Hills,2080000,24-Jul-2015,3,1,2,851,m2,House,https://www.domain.com.au/46-wandsworth-road-surrey-hills-vic-3127-2012094173,,0.6-1.7-2.4,3,,0,0,0,0,0,0,0,0,0,0,0,0,0,0,0,0,0,0,0,0
46-wandsworth-road-surrey-hills-vic-3127,Surrey Hills,30000,24-Jul-2015,3,1,2,851,m2,House,https://www.domain.com.au/46-wandsworth-road-surrey-hills-vic-3127-2012155992,,0.6-1.7-2.4,3,,0,0,0,0,0,0,0,0,0,0,0,0,0,0,0,0,0,0,0,0
46-wandsworth-road-surrey-hills-vic-3127,Surrey Hills,2080000,24-Jul-2015,3,1,2,851,m2,House,https://www.domain.com.au/46-wandsworth-road-surrey-hills-vic-3127-2012206438,,0.6-1.7-2.4,3,,0,0,0,0,0,0,0,0,0,0,0,0,0,0,0,0,0,0,0,0
3-scottsdale-street-surrey-hills-vic-3127,Surrey Hills,1506000,27-Jun-2015,3,2,2,690,m2,House,https://www.domain.com.au/3-scottsdale-street-surrey-hills-vic-3127-2012014875,,0.7-2.4-6.6,3,Jun/2015/625.0/SOLD,0,0,0,0,0,0,0,0,0,0,0,0,0,0,0,0,0,0,0,0
2/49-suffolk-road-surrey-hills-vic-3127,Surrey Hills,1370000,13-Jun-2015,3,2,2,371,m2,House,https://www.domain.com.au/2-49-suffolk-road-surrey-hills-vic-3127-2011982854,,0.9-1.8-2.4,3,,0,0,0,0,0,0,0,0,0,0,0,0,0,0,0,0,0,0,0,0
7-wilson-street-surrey-hills-vic-3127,Surrey Hills,1850000,23-May-2015,3,2,1,708,m2,House,https://www.domain.com.au/7-wilson-street-surrey-hills-vic-3127-2011931610,Close to schools-Close to shops-Close to transport-Fireplace(s)-Formal Lounge-Floorboards-Separate Dining,0.4-1.7-2.6,3,May/2015/1850000.0/SOLD,0,0,0,0,0,0,1,1,1,0,0,0,0,0,0,0,0,0,0,0
30-everton-grove-surrey-hills-vic-3127,Surrey Hills,1530000,09-May-2015,3,2,2,790,m2,House,https://www.domain.com.au/30-everton-grove-surrey-hills-vic-3127-2011905076,,0.6-2.3-2.8,3,,0,0,0,0,0,0,0,0,0,0,0,0,0,0,0,0,0,0,0,0
9-wells-street-surrey-hills-vic-3127,Surrey Hills,2201000,18-Apr-2015,3,1,1,780,m2,House,https://www.domain.com.au/9-wells-street-surrey-hills-vic-3127-2011864341,,0.3-1.6-1.9,3,Apr/2015/2201000.0/SOLD,0,0,0,0,0,0,0,0,0,0,0,0,0,0,0,0,0,0,0,0
14-kent-road-surrey-hills-vic-3127,Surrey Hills,1775000,27-Mar-2015,3,2,2,595,m2,House,https://www.domain.com.au/14-kent-road-surrey-hills-vic-3127-2011771864,,0.7-1.8-2.3,3,Mar/2015/900.0/SOLD,0,0,0,0,0,0,0,0,0,0,0,0,0,0,0,0,0,0,0,0
1-delta-street-surrey-hills-vic-3127,Surrey Hills,1435000,17-Mar-2015,3,2,2,733,m2,House,https://www.domain.com.au/1-delta-street-surrey-hills-vic-3127-2011776169,,0.8-1.7-2.4,3,Jan/2017/2415000.0/SOLD-Mar/2015/1435000.0/SOLD,0,0,0,0,0,0,0,0,0,0,0,0,0,0,0,0,0,0,0,0
7-wilson-street-surrey-hills-vic-3127,Surrey Hills,1470000,20-Dec-2014,3,1,1,708,m2,House,https://www.domain.com.au/7-wilson-street-surrey-hills-vic-3127-2011625945,,0.4-1.7-2.6,3,May/2015/1850000.0/SOLD,0,0,0,0,0,0,0,0,0,0,0,0,0,0,0,0,0,0,0,0
8-warwick-avenue-surrey-hills-vic-3127,Surrey Hills,1385000,15-Nov-2014,3,2,2,708,m2,House,https://www.domain.com.au/8-warwick-avenue-surrey-hills-vic-3127-2011522533,,0.5-2.2-6.4,3,Nov/2014/1385000.0/SOLD,0,0,0,0,0,0,0,0,0,0,0,0,0,0,0,0,0,0,0,0
44-croydon-road-surrey-hills-vic-3127,Surrey Hills,1630000,06-Sep-2014,3,2,1,383,m2,House,https://www.domain.com.au/44-croydon-road-surrey-hills-vic-3127-2011359168,,0.7-1.8-1.9,3,Sep/2014/1630000.0/SOLD-Mar/2009/1024999.9999999999/SOLD-Feb/2006/515000.0/SOLD,0,0,0,0,0,0,0,0,0,0,0,0,0,0,0,0,0,0,0,0
130-broughton-road-surrey-hills-vic-3127,Surrey Hills,871000,28-Jun-2014,3,2,2,450,m2,House,https://www.domain.com.au/130-broughton-road-surrey-hills-vic-3127-2011208227,,1.3-2.8-2.9,3,Jun/2014/871000.0/SOLD-Dec/1990/260000.0/SOLD,0,0,0,0,0,0,0,0,0,0,0,0,0,0,0,0,0,0,0,0
7-surrey-avenue-surrey-hills-vic-3127,Surrey Hills,1750000,24-May-2014,3,1,2,771,m2,House,https://www.domain.com.au/7-surrey-avenue-surrey-hills-vic-3127-2011146741,,0.5-2-2.1,3,May/2014/1750000.0/SOLD,0,0,0,0,0,0,0,0,0,0,0,0,0,0,0,0,0,0,0,0
1/970-riversdale-road-surrey-hills-vic-3127,Surrey Hills,1010000,29-Mar-2014,3,2,2,305,m2,House,https://www.domain.com.au/1-970-riversdale-road-surrey-hills-vic-3127-2011035782,Energy Eff. Rating: 6,0.8-2.2-7.1,3,,0,0,0,0,0,0,0,0,0,0,0,0,0,0,0,0,0,0,0,0
424a-whitehorse-road-surrey-hills-vic-3127,Surrey Hills,930000,07-Dec-2013,3,1,2,532,m2,House,https://www.domain.com.au/424a-whitehorse-road-surrey-hills-vic-3127-2010826927,,0.4-1.8-2,3,Jun/2018/1375000.0/SOLD-Oct/2015/600.0/SOLD,0,0,0,0,0,0,0,0,0,0,0,0,0,0,0,0,0,0,0,0
69-sir-garnet-road-surrey-hills-vic-3127,Surrey Hills,1125000,30-Nov-2013,3,1,2,600,m2,House,https://www.domain.com.au/69-sir-garnet-road-surrey-hills-vic-3127-2010794633,,0.5-2-2,3,Nov/2013/1125000.0/SOLD-Aug/2007/200000.0/SOLD-Nov/1976/45000.0/SOLD,0,0,0,0,0,0,0,0,0,0,0,0,0,0,0,0,0,0,0,0
1/1075-riversdale-road-surrey-hills-vic-3127,Surrey Hills,742000,03-Aug-2013,3,1,2,570,m2,House,https://www.domain.com.au/1-1075-riversdale-road-surrey-hills-vic-3127-2010564632,,1.1-3.1-3.1,3,,0,0,0,0,0,0,0,0,0,0,0,0,0,0,0,0,0,0,0,0
6-godfrey-court-surrey-hills-vic-3127,Surrey Hills,1200000,21-Jun-2013,3,1,1,1023,m2,House,https://www.domain.com.au/6-godfrey-court-surrey-hills-vic-3127-2009323237,,1-2.1-2.5,3,Jun/2013/1200000.0/SOLD-Dec/2006/905000.0/SOLD-Aug/2002/545000.0/SOLD,0,0,0,0,0,0,0,0,0,0,0,0,0,0,0,0,0,0,0,0
1019-riversdale-road-surrey-hills-vic-3127,Surrey Hills,1000000,17-Mar-2013,3,2,2,695,m2,House,https://www.domain.com.au/1019-riversdale-road-surrey-hills-vic-3127-2010287881,,0.9-2.7-7.1,3,Jul/2013/1000000.0/SOLD-Sep/2003/545050.0/SOLD-Jul/1991/190000.0/SOLD,0,0,0,0,0,0,0,0,0,0,0,0,0,0,0,0,0,0,0,0
4a-drewett-street-surrey-hills-vic-3127,Surrey Hills,795000,02-Mar-2013,3,1,2,361,m2,House,https://www.domain.com.au/4a-drewett-street-surrey-hills-vic-3127-2010260798,,0.7-2.4-2.9,3,Jun/2021/1515000.0/SOLD-Mar/2013/795000.0/SOLD,0,0,0,0,0,0,0,0,0,0,0,0,0,0,0,0,0,0,0,0
12-balmoral-crescent-surrey-hills-vic-3127,Surrey Hills,882500,12-Dec-2012,3,1,2,553,m2,House,https://www.domain.com.au/12-balmoral-crescent-surrey-hills-vic-3127-2010073958,,0.3-2-2.8,3,Dec/2012/882500.0/SOLD-Jul/1979/46000.0/SOLD,0,0,0,0,0,0,0,0,0,0,0,0,0,0,0,0,0,0,0,0
3-north-court-surrey-hills-vic-3127,Surrey Hills,865000,24-Nov-2012,3,1,3,652,m2,House,https://www.domain.com.au/3-north-court-surrey-hills-vic-3127-2010086812,,1-2.1-6.9,3,Dec/2012/865000.0/SOLD,0,0,0,0,0,0,0,0,0,0,0,0,0,0,0,0,0,0,0,0
2/35-kennealy-street-surrey-hills-vic-3127,Surrey Hills,946000,17-Nov-2012,3,2,2,380,m2,House,https://www.domain.com.au/2-35-kennealy-street-surrey-hills-vic-3127-2010067963,,0.5-1.4-1.9,3,,0,0,0,0,0,0,0,0,0,0,0,0,0,0,0,0,0,0,0,0
58-warrigal-road-surrey-hills-vic-3127,Surrey Hills,625000,17-Nov-2012,3,1,1,461,m2,House,https://www.domain.com.au/58-warrigal-road-surrey-hills-vic-3127-2010073957,,0.8-2.2-6.7,3,Dec/2018/1225000.0/SOLD-Nov/2012/625000.0/SOLD,0,0,0,0,0,0,0,0,0,0,0,0,0,0,0,0,0,0,0,0
8-park-road-surrey-hills-vic-3127,Surrey Hills,1230000,10-Oct-2012,3,2,2,934,m2,House,https://www.domain.com.au/8-park-road-surrey-hills-vic-3127-2009944980,,1.4-3-7.2,3,Nov/2017/685000.0/SOLD-Jun/2016/570000.0/SOLD-Nov/2012/1230000.0/SOLD,0,0,0,0,0,0,0,0,0,0,0,0,0,0,0,0,0,0,0,0
17-elm-street-surrey-hills-vic-3127,Surrey Hills,830000,11-Aug-2012,3,1,2,604,m2,House,https://www.domain.com.au/17-elm-street-surrey-hills-vic-3127-2009872415,,0.9-2.7-2.9,3,Aug/2012/830000.0/SOLD,0,0,0,0,0,0,0,0,0,0,0,0,0,0,0,0,0,0,0,0
74-broughton-road-;--cnr-sherwood-road-surrey-hills-vic-3127,Surrey Hills,875000,30-Jun-2012,3,2,2,477,m2,House,https://www.domain.com.au/74-broughton-road-cnr-sherwood-road-surrey-hills-vic-3127-2009740338,,1-2.8-2.8,3,,0,0,0,0,0,0,0,0,0,0,0,0,0,0,0,0,0,0,0,0
9-newton-street-surrey-hills-vic-3127,Surrey Hills,1040000,20-Jun-2012,3,2,4,686,m2,House,https://www.domain.com.au/9-newton-street-surrey-hills-vic-3127-2009491642,,0.8-2.2-2.6,3,Jun/2012/1040000.0/SOLD,0,0,0,0,0,0,0,0,0,0,0,0,0,0,0,0,0,0,0,0
4-drewett-street-surrey-hills-vic-3127,Surrey Hills,780000,20-Mar-2012,3,2,2,317,m2,House,https://www.domain.com.au/4-drewett-street-surrey-hills-vic-3127-2009418903,,0.7-2.4-2.9,3,Mar/2012/780000.0/SOLD-Jul/2009/1000000.0/SOLD-Jul/1985/102000.0/SOLD,0,0,0,0,0,0,0,0,0,0,0,0,0,0,0,0,0,0,0,0
57-warrigal-road-surrey-hills-vic-3127,Surrey Hills,642000,25-Feb-2012,3,1,1,655,m2,House,https://www.domain.com.au/57-warrigal-road-surrey-hills-vic-3127-2009486430,,0.7-2.3-6.6,3,Feb/2012/642000.0/SOLD,0,0,0,0,0,0,0,0,0,0,0,0,0,0,0,0,0,0,0,0
5-norris-street-surrey-hills-vic-3127,Surrey Hills,925000,03-Dec-2011,3,1,1,511,m2,House,https://www.domain.com.au/5-norris-street-surrey-hills-vic-3127-2009352579,,0.4-1.5-1.8,3,Oct/2016/1675000.0/SOLD-Dec/2011/925000.0/SOLD,0,0,0,0,0,0,0,0,0,0,0,0,0,0,0,0,0,0,0,0
3-sherwood-road-surrey-hills-vic-3127,Surrey Hills,970000,12-Nov-2011,3,2,2,300,m2,House,https://www.domain.com.au/3-sherwood-road-surrey-hills-vic-3127-2009252766,,1-2.8-6.8,3,Apr/2012/970000.0/SOLD-Feb/2005/675000.0/SOLD,0,0,0,0,0,0,0,0,0,0,0,0,0,0,0,0,0,0,0,0
19-langford-street-surrey-hills-vic-3127,Surrey Hills,1000000,13-Oct-2011,3,2,2,794,m2,House,https://www.domain.com.au/19-langford-street-surrey-hills-vic-3127-2009172294,,0.4-1.6-2.3,3,Mar/2021/3500000.0/SOLD-Oct/2011/1000000.0/SOLD-Mar/1983/84000.0/SOLD,0,0,0,0,0,0,0,0,0,0,0,0,0,0,0,0,0,0,0,0
2-allie-street-surrey-hills-vic-3127,Surrey Hills,1110000,24-Sep-2011,3,2,2,622,m2,House,https://www.domain.com.au/2-allie-street-surrey-hills-vic-3127-2009194177,,1-2.1-6.9,3,Sep/2011/1110000.0/SOLD-Oct/1998/355000.0/SOLD-Jul/1987/130000.0/SOLD,0,0,0,0,0,0,0,0,0,0,0,0,0,0,0,0,0,0,0,0
1/109-broughton-road-surrey-hills-vic-3127,Surrey Hills,835000,02-Apr-2011,3,2,1,350,m2,House,https://www.domain.com.au/1-109-broughton-road-surrey-hills-vic-3127-2008867099,,1.2-2.8-3,3,,0,0,0,0,0,0,0,0,0,0,0,0,0,0,0,0,0,0,0,0
13-drewett-street-surrey-hills-vic-3127,Surrey Hills,1225000,31-Mar-2011,3,2,2,875,m2,House,https://www.domain.com.au/13-drewett-street-surrey-hills-vic-3127-2008835793,,0.8-2.4-2.9,3,Mar/2011/1225000.0/SOLD-Aug/1983/70500.0/SOLD-Jun/1980/62000.0/SOLD,0,0,0,0,0,0,0,0,0,0,0,0,0,0,0,0,0,0,0,0
54-shepherd-street-surrey-hills-vic-3127,Surrey Hills,1200000,26-Mar-2011,3,2,2,640,m2,House,https://www.domain.com.au/54-shepherd-street-surrey-hills-vic-3127-2008852795,,1.2-2.6-2.8,3,Aug/2018/1900000.0/SOLD-Mar/2011/1200000.0/SOLD-Jul/1990/340000.0/SOLD,0,0,0,0,0,0,0,0,0,0,0,0,0,0,0,0,0,0,0,0
55-russell-street-surrey-hills-vic-3127,Surrey Hills,840000,26-Feb-2011,3,1,1,580,m2,House,https://www.domain.com.au/55-russell-street-surrey-hills-vic-3127-2008785939,,0.6-2.4-6.5,3,Sep/2011/430.0/SOLD,0,0,0,0,0,0,0,0,0,0,0,0,0,0,0,0,0,0,0,0
52-russell-street-surrey-hills-vic-3127,Surrey Hills,1005000,13-Nov-2010,3,2,3,582,m2,House,https://www.domain.com.au/52-russell-street-surrey-hills-vic-3127-2008576366,,0.6-2.4-6.5,3,Oct/2010/1004999.9999999999/SOLD-Jun/2007/650.0/SOLD,0,0,0,0,0,0,0,0,0,0,0,0,0,0,0,0,0,0,0,0
1-langford-street-surrey-hills-vic-3127,Surrey Hills,1320000,13-Oct-2010,3,1,2,884,m2,House,https://www.domain.com.au/1-langford-street-surrey-hills-vic-3127-2008520988,,0.5-1.5-2.1,3,Jan/2016/1054780.0/SOLD-Apr/2013/1311000.0/SOLD-Oct/2010/1320000.0/SOLD,0,0,0,0,0,0,0,0,0,0,0,0,0,0,0,0,0,0,0,0
1/59-middlesex-road-surrey-hills-vic-3127,Surrey Hills,1180000,25-Jul-2010,3,2,1,488,m2,House,https://www.domain.com.au/1-59-middlesex-road-surrey-hills-vic-3127-2008403492,,0.5-1.4-2,3,,0,0,0,0,0,0,0,0,0,0,0,0,0,0,0,0,0,0,0,0
21-queen-street-surrey-hills-vic-3127,Surrey Hills,820000,19-Jun-2010,3,1,1,294,m2,House,https://www.domain.com.au/21-queen-street-surrey-hills-vic-3127-2008385387,,0.5-1.4-2.2,3,Jun/1993/225000.0/SOLD,0,0,0,0,0,0,0,0,0,0,0,0,0,0,0,0,0,0,0,0
5-windsor-lane-;--enter-from-alexandra-crescent-surrey-hills-vic-3127,Surrey Hills,925000,01-May-2010,3,2,2,210,m2,House,https://www.domain.com.au/5-windsor-lane-enter-from-alexandra-crescent-surrey-hills-vic-3127-2008303793,,0.2-2.1-2.4,3,,0,0,0,0,0,0,0,0,0,0,0,0,0,0,0,0,0,0,0,0
9a-boronia-street-surrey-hills-vic-3127,Surrey Hills,840000,13-Mar-2010,3,2,2,350,m2,House,https://www.domain.com.au/9a-boronia-street-surrey-hills-vic-3127-2008216809,,0.8-2.7-2.7,3,Mar/2010/840000.0/SOLD-Sep/2002/457000.0/SOLD,0,0,0,0,0,0,0,0,0,0,0,0,0,0,0,0,0,0,0,0
17-chester-street-surrey-hills-vic-3127,Surrey Hills,1455000,02-Mar-2010,3,2,2,1053,m2,House,https://www.domain.com.au/17-chester-street-surrey-hills-vic-3127-2008195984,,0.9-2.5-6.8,3,Nov/2017/860.0/SOLD-Mar/2010/2560500.0/SOLD,0,0,0,0,0,0,0,0,0,0,0,0,0,0,0,0,0,0,0,0
8-goodwood-street-surrey-hills-vic-3127,Surrey Hills,2855000,20-Nov-2021,4,2,2,784,m2,House,https://www.domain.com.au/8-goodwood-street-surrey-hills-vic-3127-2017360792,,1-2.7-6.9,3,Nov/2021/2855000.0/SOLD-Mar/2015/2160000.0/SOLD-Jun/1997/253000.0/SOLD,0,0,0,0,0,0,0,0,0,0,0,0,0,0,0,0,0,0,0,0
15-pembroke-street-surrey-hills-vic-3127,Surrey Hills,2405000,20-Nov-2021,4,2,1,664,m2,House,https://www.domain.com.au/15-pembroke-street-surrey-hills-vic-3127-2017353033,,0.8-2.2-2.8,3,Nov/2021/2405000.0/SOLD-Sep/1996/272000.0/SOLD-Feb/1990/222500.0/SOLD,0,0,0,0,0,0,0,0,0,0,0,0,0,0,0,0,0,0,0,0
19-james-street-surrey-hills-vic-3127,Surrey Hills,3000000,27-Oct-2021,4,2,4,747,m2,House,https://www.domain.com.au/19-james-street-surrey-hills-vic-3127-2017301181,Built in wardrobes*-Gas*-Internal Laundry*-Bath*-Fireplace(s)*-Heating*,0.4-1.6-2.3,3,Oct/2021/3000000.0/SOLD-Feb/2002/820000.0/SOLD-Sep/1986/138000.0/SOLD,1,0,1,1,0,0,0,0,0,0,0,0,0,0,0,0,0,0,0,0
727-canterbury-road-(corner-benwerrin-road)-surrey-hills-vic-3127,Surrey Hills,2700000,21-Oct-2021,4,2,4,910,m2,House,https://www.domain.com.au/727-canterbury-road-corner-benwerrin-road-surrey-hills-vic-3127-2017299099,,0.5-2-2.9,3,,0,0,0,0,0,0,0,0,0,0,0,0,0,0,0,0,0,0,0,0
22-shepherd-street-surrey-hills-vic-3127,Surrey Hills,2080000,01-Oct-2021,4,3,2,426,m2,House,https://www.domain.com.au/22-shepherd-street-surrey-hills-vic-3127-2017232991,Secure Parking*-Intercom*-Balcony / Deck*-Internal Laundry-North Facing-Alarm System-Dishwasher-Shed,0.9-2.6-3,3,Sep/2021/2080000.0/SOLD-Mar/2016/1676000.0/SOLD,0,0,1,0,1,0,0,0,0,0,0,0,1,0,1,0,1,1,0,0
40-grovedale-road-surrey-hills-vic-3127,Surrey Hills,2600000,31-Jul-2021,4,3,3,627,m2,House,https://www.domain.com.au/40-grovedale-road-surrey-hills-vic-3127-2017088158,Gas*-Garden*-Balcony / Deck*,0.2-1.8-2.1,3,Jul/2021/2600000.0/SOLD-Aug/2016/870.0/SOLD,0,0,0,0,0,0,0,0,0,0,0,0,0,0,0,1,1,1,0,0
13-elm-street-surrey-hills-vic-3127,Surrey Hills,1902000,15-May-2021,4,2,1,604,m2,House,https://www.domain.com.au/13-elm-street-surrey-hills-vic-3127-2016958480,,1-2.7-2.9,3,May/2021/795.0/SOLD-Jul/2006/1902000.0/SOLD,0,0,0,0,0,0,0,0,0,0,0,0,0,0,0,0,0,0,0,0
8-rose-avenue-surrey-hills-vic-3127,Surrey Hills,2081000,24-Apr-2021,4,2,2,493,m2,House,https://www.domain.com.au/8-rose-avenue-surrey-hills-vic-3127-2016904322,,0.7-2.1-6.6,3,Apr/2021/2081000.0/SOLD-Nov/2016/1703000.0/SOLD-Mar/2015/1450000.0/SOLD,0,0,0,0,0,0,0,0,0,0,0,0,0,0,0,0,0,0,0,0
16-gladstone-street-surrey-hills-vic-3127,Surrey Hills,1550000,27-Mar-2021,4,3,2,352,m2,House,https://www.domain.com.au/16-gladstone-street-surrey-hills-vic-3127-2016840402,,0.9-1.9-2.4,3,Mar/2021/1550000.0/SOLD-Dec/2013/1225000.0/SOLD,0,0,0,0,0,0,0,0,0,0,0,0,0,0,0,0,0,0,0,0
58-essex-road-surrey-hills-vic-3127,Surrey Hills,1983000,27-Mar-2021,4,1,3,836,m2,House,https://www.domain.com.au/58-essex-road-surrey-hills-vic-3127-2016844028,,0.7-1.6-2.3,3,Mar/2021/1983000.0/SOLD-Aug/2009/1105000.0/SOLD,0,0,0,0,0,0,0,0,0,0,0,0,0,0,0,0,0,0,0,0
48-russell-street-surrey-hills-vic-3127,Surrey Hills,2485000,27-Mar-2021,4,2,2,588,m2,House,https://www.domain.com.au/48-russell-street-surrey-hills-vic-3127-2016839665,,0.5-2.4-6.5,3,Mar/2021/2485000.0/SOLD-Oct/1997/245000.0/SOLD,0,0,0,0,0,0,0,0,0,0,0,0,0,0,0,0,0,0,0,0
52-broughton-road-surrey-hills-vic-3127,Surrey Hills,2250000,24-Mar-2021,4,3,2,753,m2,House,https://www.domain.com.au/52-broughton-road-surrey-hills-vic-3127-2016842206,,0.7-2.5-2.8,3,Mar/2021/2250000.0/SOLD-Oct/1996/330000.0/SOLD-Jul/1987/151000.0/SOLD,0,0,0,0,0,0,0,0,0,0,0,0,0,0,0,0,0,0,0,0
69-broughton-road-surrey-hills-vic-3127,Surrey Hills,2204000,11-Mar-2021,4,2,2,823,m2,House,https://www.domain.com.au/69-broughton-road-surrey-hills-vic-3127-2016803866,,0.9-2.7-2.8,3,Mar/2021/2204000.0/SOLD-Oct/2001/1160.0/SOLD-Oct/1994/186000.0/SOLD,0,0,0,0,0,0,0,0,0,0,0,0,0,0,0,0,0,0,0,0
35-broughton-road-surrey-hills-vic-3127,Surrey Hills,1878000,27-Feb-2021,4,3,4,475,m2,House,https://www.domain.com.au/35-broughton-road-surrey-hills-vic-3127-2016766206,,0.6-2.4-2.8,3,Feb/2021/1878000.0/SOLD-Nov/2009/1115000.0/SOLD-Feb/2002/499000.0/SOLD,0,0,0,0,0,0,0,0,0,0,0,0,0,0,0,0,0,0,0,0
46-boisdale-street-surrey-hills-vic-3127,Surrey Hills,1760000,29-Jan-2021,4,2,2,414,m2,House,https://www.domain.com.au/46-boisdale-street-surrey-hills-vic-3127-2016591089,,1.1-2.8-7,3,Jan/2021/1760000.0/SOLD,0,0,0,0,0,0,0,0,0,0,0,0,0,0,0,0,0,0,0,0
12-albert-street-surrey-hills-vic-3127,Surrey Hills,2300000,26-Jul-2020,4,2,5,750,m2,House,https://www.domain.com.au/12-albert-street-surrey-hills-vic-3127-2016336283,,0.3-1.2-2.1,3,Jul/2020/1100.0/SOLD-Nov/1986/2300000.0/SOLD,0,0,0,0,0,0,0,0,0,0,0,0,0,0,0,0,0,0,0,0
21-drewett-street-surrey-hills-vic-3127,Surrey Hills,1880000,24-Jun-2020,4,2,2,664,m2,House,https://www.domain.com.au/21-drewett-street-surrey-hills-vic-3127-2016202282,,0.8-2.5-2.9,3,Jun/2020/1880000.0/SOLD-Feb/2012/977000.0/SOLD-May/2005/535000.0/SOLD,0,0,0,0,0,0,0,0,0,0,0,0,0,0,0,0,0,0,0,0
10-arundel-crescent-surrey-hills-vic-3127,Surrey Hills,1795000,08-May-2020,4,2,1,615,m2,House,https://www.domain.com.au/10-arundel-crescent-surrey-hills-vic-3127-2016159130,,0.9-1.8-2.4,3,May/2020/1795000.0/SOLD-Dec/2002/765000.0/SOLD-Sep/1999/525000.0/SOLD,0,0,0,0,0,0,0,0,0,0,0,0,0,0,0,0,0,0,0,0
8-clyde-street-surrey-hills-vic-3127,Surrey Hills,1650000,04-May-2020,4,1,2,695,m2,House,https://www.domain.com.au/8-clyde-street-surrey-hills-vic-3127-2016107077,,0.3-1.8-2,3,May/2020/1650000.0/SOLD-Aug/2014/1450000.0/SOLD,0,0,0,0,0,0,0,0,0,0,0,0,0,0,0,0,0,0,0,0
6/16-bona-vista-avenue-surrey-hills-vic-3127,Surrey Hills,1475000,01-May-2020,4,2,2,360,m2,House,https://www.domain.com.au/6-16-bona-vista-avenue-surrey-hills-vic-3127-2016096655,,0.4-2.3-6.3,3,,0,0,0,0,0,0,0,0,0,0,0,0,0,0,0,0,0,0,0,0
19a-newton-street-surrey-hills-vic-3127,Surrey Hills,1610000,05-Apr-2020,4,3,2,299,m2,House,https://www.domain.com.au/19a-newton-street-surrey-hills-vic-3127-2016086001,,0.9-2.4-2.8,3,Apr/2020/1610000.0/SOLD,0,0,0,0,0,0,0,0,0,0,0,0,0,0,0,0,0,0,0,0
729-canterbury-road-surrey-hills-vic-3127,Surrey Hills,1400000,16-Mar-2020,4,3,2,733,m2,House,https://www.domain.com.au/729-canterbury-road-surrey-hills-vic-3127-2016070071,Study,0.5-2-2.9,3,Oct/2021/1920000.0/SOLD-Mar/2020/1400000.0/SOLD-Mar/1988/175000.0/SOLD,0,0,0,0,0,1,0,0,0,0,0,0,0,0,0,0,0,0,0,0
9a-tower-street-surrey-hills-vic-3127,Surrey Hills,2000000,14-Mar-2020,4,2,2,705,m2,House,https://www.domain.com.au/9a-tower-street-surrey-hills-vic-3127-2016068837,,0.6-1.8-2.6,3,Mar/2020/2000000.0/SOLD-Sep/2006/851500.0/SOLD-Sep/1998/427500.0/SOLD,0,0,0,0,0,0,0,0,0,0,0,0,0,0,0,0,0,0,0,0
13-albert-street-surrey-hills-vic-3127,Surrey Hills,2600000,13-Mar-2020,4,3,1,630,m2,House,https://www.domain.com.au/13-albert-street-surrey-hills-vic-3127-2016085962,,0.4-1.2-2.1,3,Mar/2020/2600000.0/SOLD-Oct/1999/342500.0/SOLD,0,0,0,0,0,0,0,0,0,0,0,0,0,0,0,0,0,0,0,0
30-barton-street-surrey-hills-vic-3127,Surrey Hills,2100000,22-Feb-2020,4,2,2,732,m2,House,https://www.domain.com.au/30-barton-street-surrey-hills-vic-3127-2016038940,,0.6-1.4-2.1,3,Feb/2020/850.0/SOLD,0,0,0,0,0,0,0,0,0,0,0,0,0,0,0,0,0,0,0,0
12-beech-street-surrey-hills-vic-3127,Surrey Hills,2000000,15-Dec-2019,4,3,2,819,m2,House,https://www.domain.com.au/12-beech-street-surrey-hills-vic-3127-2015904053,,1.2-2.8-3,3,Dec/2019/2000000.0/SOLD-Nov/2015/800.0/SOLD,0,0,0,0,0,0,0,0,0,0,0,0,0,0,0,0,0,0,0,0
21-chester-street-surrey-hills-vic-3127,Surrey Hills,2160000,27-Nov-2019,4,3,1,948,m2,House,https://www.domain.com.au/21-chester-street-surrey-hills-vic-3127-2015683414,,0.9-2.5-6.8,3,Nov/2019/2160000.0/SOLD-Jun/2017/1810000.0/SOLD,0,0,0,0,0,0,0,0,0,0,0,0,0,0,0,0,0,0,0,0
50-wandsworth-road-surrey-hills-vic-3127,Surrey Hills,3750000,21-Nov-2019,4,3,4,1440,m2,House,https://www.domain.com.au/50-wandsworth-road-surrey-hills-vic-3127-2015796813,Study,0.6-1.7-2.4,3,Nov/2019/3750000.0/SOLD,0,0,0,0,0,1,0,0,0,0,0,0,0,0,0,0,0,0,0,0
5-north-court-surrey-hills-vic-3127,Surrey Hills,2350000,21-Sep-2019,4,2,3,655,m2,House,https://www.domain.com.au/5-north-court-surrey-hills-vic-3127-2015548971,,1-2.1-6.9,3,Sep/2019/2350000.0/SOLD-Aug/2001/370500.0/SOLD,0,0,0,0,0,0,0,0,0,0,0,0,0,0,0,0,0,0,0,0
23-weybridge-street-surrey-hills-vic-3127,Surrey Hills,2550000,18-Sep-2019,4,2,2,725,m2,House,https://www.domain.com.au/23-weybridge-street-surrey-hills-vic-3127-2015605866,,0.3-1.8-2.2,3,Sep/2019/2550000.0/SOLD-Mar/2006/1125000.0/SOLD-May/2005/750000.0/SOLD,0,0,0,0,0,0,0,0,0,0,0,0,0,0,0,0,0,0,0,0
43-park-road-surrey-hills-vic-3127,Surrey Hills,2400000,16-Sep-2019,4,3,3,1054,m2,House,https://www.domain.com.au/43-park-road-surrey-hills-vic-3127-2015540955,,1.1-3-3.1,3,Sep/2019/2400000.0/SOLD-Oct/2014/1591000.0/SOLD-Aug/1980/58000.0/SOLD,0,0,0,0,0,0,0,0,0,0,0,0,0,0,0,0,0,0,0,0
88-durham-road-surrey-hills-vic-3127,Surrey Hills,2370000,07-Sep-2019,4,2,3,793,m2,House,https://www.domain.com.au/88-durham-road-surrey-hills-vic-3127-2015512789,Air conditioning-Heating-Built in wardrobes-Intercom-Open Fire Place-Ensuite-Ducted Heating-Solar power system-Drying cupboard-Auto tandem garage-Courtyard-Automatic Irrigation,0.6-1.5-2.3,3,Sep/2019/2370000.0/SOLD-Mar/2013/1675000.0/SOLD-Jan/2008/1125000.0/SOLD,1,1,0,1,0,0,0,0,0,0,0,0,0,1,0,0,0,0,0,0
15-sherwood-road-surrey-hills-vic-3127,Surrey Hills,1685000,05-Sep-2019,4,2,2,819,m2,House,https://www.domain.com.au/15-sherwood-road-surrey-hills-vic-3127-2015517167,,0.9-2.7-6.8,3,Sep/2019/1685000.0/SOLD-Mar/1985/94200.0/SOLD,0,0,0,0,0,0,0,0,0,0,0,0,0,0,0,0,0,0,0,0
20-the-avenue-surrey-hills-vic-3127,Surrey Hills,2455000,03-Aug-2019,4,2,4,768,m2,House,https://www.domain.com.au/20-the-avenue-surrey-hills-vic-3127-2015427414,,0.4-2.2-6.2,3,Aug/2019/850.0/SOLD,0,0,0,0,0,0,0,0,0,0,0,0,0,0,0,0,0,0,0,0
259-elgar-road-surrey-hills-vic-3127,Surrey Hills,1883000,30-Mar-2019,4,2,2,1088,m2,House,https://www.domain.com.au/259-elgar-road-surrey-hills-vic-3127-2014980352,,1.2-2.7-6.8,3,Mar/2019/1883000.0/SOLD-May/1991/148000.0/SOLD,0,0,0,0,0,0,0,0,0,0,0,0,0,0,0,0,0,0,0,0
14-albion-street-surrey-hills-vic-3127,Surrey Hills,2125000,23-Mar-2019,4,2,3,589,m2,House,https://www.domain.com.au/14-albion-street-surrey-hills-vic-3127-2014971436,,0.3-1.2-1.9,3,Mar/2019/2125000.0/SOLD-Oct/1996/241000.0/SOLD,0,0,0,0,0,0,0,0,0,0,0,0,0,0,0,0,0,0,0,0
4-boronia-street-surrey-hills-vic-3127,Surrey Hills,1430000,01-Mar-2019,4,3,2,263,m2,House,https://www.domain.com.au/4-boronia-street-surrey-hills-vic-3127-2014903423,,0.8-2.7-2.7,3,Mar/2019/1430000.0/SOLD,0,0,0,0,0,0,0,0,0,0,0,0,0,0,0,0,0,0,0,0
3/61-park-road-surrey-hills-vic-3127,Surrey Hills,1226500,11-Jan-2019,4,3,2,290,m2,House,https://www.domain.com.au/3-61-park-road-surrey-hills-vic-3127-2014767391,,1-2.9-7.1,3,,0,0,0,0,0,0,0,0,0,0,0,0,0,0,0,0,0,0,0,0
26a-wandsworth-road-surrey-hills-vic-3127,Surrey Hills,3550000,09-Dec-2018,4,2,2,2220,m2,House,https://www.domain.com.au/26a-wandsworth-road-surrey-hills-vic-3127-2014776184,,0.3-1.9-2.1,3,Dec/2018/3550000.0/SOLD,0,0,0,0,0,0,0,0,0,0,0,0,0,0,0,0,0,0,0,0
2-robinson-road-surrey-hills-vic-3127,Surrey Hills,1900000,10-Nov-2018,4,2,2,324,m2,House,https://www.domain.com.au/2-robinson-road-surrey-hills-vic-3127-2014700896,,0.7-2-2.1,3,Nov/2018/1900000.0/SOLD-Apr/2002/676000.0/SOLD,0,0,0,0,0,0,0,0,0,0,0,0,0,0,0,0,0,0,0,0
16-wandsworth-road-surrey-hills-vic-3127,Surrey Hills,2450000,27-Oct-2018,4,2,2,442,m2,House,https://www.domain.com.au/16-wandsworth-road-surrey-hills-vic-3127-2014666480,,0.2-2-2,3,Oct/2018/2450000.0/SOLD-Aug/2016/2075000.0000000002/SOLD,0,0,0,0,0,0,0,0,0,0,0,0,0,0,0,0,0,0,0,0
65-russell-street-surrey-hills-vic-3127,Surrey Hills,1570000,27-Sep-2018,4,2,2,580,m2,House,https://www.domain.com.au/65-russell-street-surrey-hills-vic-3127-2014591899,Courtyard-Ducted Heating-Remote Garage-Floorboards-Split System AirCon-Built in wardrobes,0.7-2.4-6.6,3,Sep/2018/1570000.0/SOLD-May/1998/234500.0/SOLD,1,0,0,1,0,0,0,0,0,1,0,0,0,1,0,0,0,0,0,0
2-valonia-avenue-surrey-hills-vic-3127,Surrey Hills,1420000,23-Jun-2018,4,1,2,613,m2,House,https://www.domain.com.au/2-valonia-avenue-surrey-hills-vic-3127-2014396183,,0.1-2.1-2.6,3,Jun/2018/1420000.0/SOLD-Apr/2012/595.0/SOLD,0,0,0,0,0,0,0,0,0,0,0,0,0,0,0,0,0,0,0,0
26-union-road-surrey-hills-vic-3127,Surrey Hills,1512000,26-May-2018,4,2,1,638,m2,House,https://www.domain.com.au/26-union-road-surrey-hills-vic-3127-2014347979,,0.9-2-2.7,3,May/2018/1512000.0/SOLD-Mar/1976/42500.0/SOLD,0,0,0,0,0,0,0,0,0,0,0,0,0,0,0,0,0,0,0,0
15-florence-road-surrey-hills-vic-3127,Surrey Hills,2035000,28-Apr-2018,4,2,2,771,m2,House,https://www.domain.com.au/15-florence-road-surrey-hills-vic-3127-2014284144,,0.3-2.3-2.6,3,Apr/2018/2035000.0000000002/SOLD-Feb/1996/330000.0/SOLD-Jan/1980/45000.0/SOLD,0,0,0,0,0,0,0,0,0,0,0,0,0,0,0,0,0,0,0,0
212-mont-albert-road-surrey-hills-vic-3127,Surrey Hills,2857000,24-Apr-2018,4,2,2,723,m2,House,https://www.domain.com.au/212-mont-albert-road-surrey-hills-vic-3127-2014278948,,0.4-1.6-1.8,3,Apr/2018/2857000.0/SOLD-Dec/1993/175000.0/SOLD,0,0,0,0,0,0,0,0,0,0,0,0,0,0,0,0,0,0,0,0
63a-broughton-road-surrey-hills-vic-3127,Surrey Hills,2280000,24-Mar-2018,4,2,2,553,m2,House,https://www.domain.com.au/63a-broughton-road-surrey-hills-vic-3127-2014205919,,0.9-2.7-2.8,3,Mar/2018/2280000.0/SOLD,0,0,0,0,0,0,0,0,0,0,0,0,0,0,0,0,0,0,0,0
80-broughton-road-surrey-hills-vic-3127,Surrey Hills,1761000,24-Mar-2018,4,2,1,805,m2,House,https://www.domain.com.au/80-broughton-road-surrey-hills-vic-3127-2014207806,,1-2.8-2.9,3,Mar/2018/1761000.0/SOLD-Apr/1995/205000.0/SOLD-Feb/1975/30000.0/SOLD,0,0,0,0,0,0,0,0,0,0,0,0,0,0,0,0,0,0,0,0
28-bentley-street-surrey-hills-vic-3127,Surrey Hills,1715000,24-Mar-2018,4,2,2,674,m2,House,https://www.domain.com.au/28-bentley-street-surrey-hills-vic-3127-2014200022,Air conditioning-Built in wardrobes-Close to schools-Close to shops-Close to transport-Fireplace(s)-Security Alarm-Garden-Secure Parking-Floorboards-Formal Lounge-Separate Dining,1-2.4-2.7,3,Mar/2018/1715000.0/SOLD-Dec/1990/167000.0/SOLD-May/1975/39400.0/SOLD,0,1,0,1,1,0,1,1,1,0,0,0,0,0,1,1,0,0,0,0
71-essex-road-surrey-hills-vic-3127,Surrey Hills,3085000,17-Mar-2018,4,3,2,1020,m2,House,https://www.domain.com.au/71-essex-road-surrey-hills-vic-3127-2014182785,,0.7-1.7-2.3,3,Mar/2018/3085000.0/SOLD-Nov/2012/1400000.0/SOLD-Jan/2003/775000.0/SOLD,0,0,0,0,0,0,0,0,0,0,0,0,0,0,0,0,0,0,0,0
9-beech-street-surrey-hills-vic-3127,Surrey Hills,2900000,28-Feb-2018,4,3,2,832,m2,House,https://www.domain.com.au/9-beech-street-surrey-hills-vic-3127-2014154410,,1.2-2.9-3.1,3,Feb/2018/2900000.0/SOLD-Nov/2005/1325000.0/SOLD-Mar/2001/474000.0/SOLD,0,0,0,0,0,0,0,0,0,0,0,0,0,0,0,0,0,0,0,0
78-durham-road-surrey-hills-vic-3127,Surrey Hills,2205000,30-Oct-2017,4,2,2,906,m2,House,https://www.domain.com.au/78-durham-road-surrey-hills-vic-3127-2013784019,,0.6-1.5-2.2,3,Oct/2017/630.0/SOLD,0,0,0,0,0,0,0,0,0,0,0,0,0,0,0,0,0,0,0,0
7-sythney-court-surrey-hills-vic-3127,Surrey Hills,2100000,28-Oct-2017,4,3,7,596,m2,House,https://www.domain.com.au/7-sythney-court-surrey-hills-vic-3127-2013895455,,0.5-2.1-2.4,3,Jul/2021/2330000.0/SOLD-Oct/2017/650.0/SOLD,0,0,0,0,0,0,0,0,0,0,0,0,0,0,0,0,0,0,0,0
14-grovedale-road-surrey-hills-vic-3127,Surrey Hills,2285000,21-Oct-2017,4,2,2,627,m2,House,https://www.domain.com.au/14-grovedale-road-surrey-hills-vic-3127-2013879817,,0.3-1.7-2.2,3,Oct/2017/2285000.0/SOLD,0,0,0,0,0,0,0,0,0,0,0,0,0,0,0,0,0,0,0,0
7-wandsworth-road-surrey-hills-vic-3127,Surrey Hills,3851000,16-Sep-2017,4,4,2,830,m2,House,https://www.domain.com.au/7-wandsworth-road-surrey-hills-vic-3127-2013795639,,0.2-1.9-2,3,Sep/2017/3851000.0/SOLD-Sep/2003/810000.0/SOLD-Jun/1991/255000.0/SOLD,0,0,0,0,0,0,0,0,0,0,0,0,0,0,0,0,0,0,0,0
21-kingston-road-surrey-hills-vic-3127,Surrey Hills,1815000,09-Sep-2017,4,2,3,663,m2,House,https://www.domain.com.au/21-kingston-road-surrey-hills-vic-3127-2013772001,Close to shops-Close to transport,0.7-1.7-1.8,3,Sep/2017/585.0/SOLD-Aug/1989/1815000.0/SOLD,0,0,0,0,0,0,1,1,0,0,0,0,0,0,0,0,0,0,0,0
217-219-mont-albert-road-surrey-hills-vic-3127,Surrey Hills,1998000,22-Aug-2017,4,1,4,615,m2,House,https://www.domain.com.au/217-219-mont-albert-road-surrey-hills-vic-3127-2013681876,Floorboards-Ground floor-Solar panels-Gas,0.3-1.6-1.9,3,Nov/2019/1550000.0/SOLD-Aug/2017/2070927.0000000002/SOLD-Apr/1989/208000.0/SOLD,0,0,0,0,0,0,0,0,0,0,0,1,0,0,0,0,0,0,0,0
66-union-road-surrey-hills-vic-3127,Surrey Hills,2290000,12-Aug-2017,4,2,2,910,m2,House,https://www.domain.com.au/66-union-road-surrey-hills-vic-3127-2013727754,,0.6-2.1-2.5,3,Aug/2017/2290000.0/SOLD-Jun/1986/179900.0/SOLD-Aug/1985/140000.0/SOLD,0,0,0,0,0,0,0,0,0,0,0,0,0,0,0,0,0,0,0,0
21-chester-street-surrey-hills-vic-3127,Surrey Hills,1810000,03-Jun-2017,4,2,2,944,m2,House,https://www.domain.com.au/21-chester-street-surrey-hills-vic-3127-2013566896,,0.9-2.5-6.8,3,Nov/2019/2160000.0/SOLD-Jun/2017/1810000.0/SOLD,0,0,0,0,0,0,0,0,0,0,0,0,0,0,0,0,0,0,0,0
466-whitehorse-road-surrey-hills-vic-3127,Surrey Hills,2803000,09-May-2017,4,3,2,687,m2,House,https://www.domain.com.au/466-whitehorse-road-surrey-hills-vic-3127-2013525888,,0.4-1.6-2.2,3,May/2017/2803000.0/SOLD-Mar/2015/1200.0/SOLD,0,0,0,0,0,0,0,0,0,0,0,0,0,0,0,0,0,0,0,0
18-&-18a-park-road-surrey-hills-vic-3127,Surrey Hills,2135000,29-Apr-2017,4,2,2,894,m2,House,https://www.domain.com.au/18-18a-park-road-surrey-hills-vic-3127-2013441336,,1.3-3-3,3,,0,0,0,0,0,0,0,0,0,0,0,0,0,0,0,0,0,0,0,0
15-durham-road-surrey-hills-vic-3127,Surrey Hills,2867000,22-Apr-2017,4,2,4,1000,m2,House,https://www.domain.com.au/15-durham-road-surrey-hills-vic-3127-2013474145,,0.8-1.7-2,3,Apr/2017/2867000.0/SOLD,0,0,0,0,0,0,0,0,0,0,0,0,0,0,0,0,0,0,0,0
11-shepherd-street-surrey-hills-vic-3127,Surrey Hills,1600000,01-Apr-2017,4,2,2,388,m2,House,https://www.domain.com.au/11-shepherd-street-surrey-hills-vic-3127-2013433209,,0.8-2.6-2.9,3,Apr/2017/1600000.0/SOLD-Apr/2013/1060000.0/SOLD-Sep/1998/282000.0/SOLD,0,0,0,0,0,0,0,0,0,0,0,0,0,0,0,0,0,0,0,0
26-newton-street-surrey-hills-vic-3127,Surrey Hills,2060000,18-Mar-2017,4,2,2,745,m2,House,https://www.domain.com.au/26-newton-street-surrey-hills-vic-3127-2013402937,,0.8-2.3-2.8,3,Mar/2017/2060000.0/SOLD-May/1992/287500.0/SOLD-Jul/1978/34300.0/SOLD,0,0,0,0,0,0,0,0,0,0,0,0,0,0,0,0,0,0,0,0
1-delta-street-surrey-hills-vic-3127,Surrey Hills,2415000,27-Jan-2017,4,2,4,732,m2,House,https://www.domain.com.au/1-delta-street-surrey-hills-vic-3127-2013068749,,0.8-1.7-2.4,3,Jan/2017/2415000.0/SOLD-Mar/2015/1435000.0/SOLD,0,0,0,0,0,0,0,0,0,0,0,0,0,0,0,0,0,0,0,0
66-durham-road-surrey-hills-vic-3127,Surrey Hills,1455000,10-Dec-2016,4,2,1,494,m2,House,https://www.domain.com.au/66-durham-road-surrey-hills-vic-3127-2013203685,,0.6-1.5-2.2,3,Dec/2016/1455000.0/SOLD-Jul/2000/325000.0/SOLD-Mar/1996/175000.0/SOLD,0,0,0,0,0,0,0,0,0,0,0,0,0,0,0,0,0,0,0,0
464a-whitehorse-road-surrey-hills-vic-3127,Surrey Hills,1601000,01-Dec-2016,4,2,2,673,m2,House,https://www.domain.com.au/464a-whitehorse-road-surrey-hills-vic-3127-2013189684,,0.4-1.6-2.2,3,,0,0,0,0,0,0,0,0,0,0,0,0,0,0,0,0,0,0,0,0
8-rose-avenue-surrey-hills-vic-3127,Surrey Hills,1703000,19-Nov-2016,4,2,2,493,m2,House,https://www.domain.com.au/8-rose-avenue-surrey-hills-vic-3127-2013146553,,0.7-2.1-6.6,3,Apr/2021/2081000.0/SOLD-Nov/2016/1703000.0/SOLD-Mar/2015/1450000.0/SOLD,0,0,0,0,0,0,0,0,0,0,0,0,0,0,0,0,0,0,0,0
13-willcyrus-street-surrey-hills-vic-3127,Surrey Hills,2100000,22-Oct-2016,4,2,2,387,m2,House,https://www.domain.com.au/13-willcyrus-street-surrey-hills-vic-3127-2013058675,Swimming Pool,0.8-1.9-2.6,3,Oct/2016/2100000.0/SOLD-Mar/2012/970000.0/SOLD,0,0,0,0,0,0,0,0,0,0,0,0,0,0,0,0,0,0,1,0
54-croydon-road-surrey-hills-vic-3127,Surrey Hills,2003000,15-Oct-2016,4,2,1,383,m2,House,https://www.domain.com.au/54-croydon-road-surrey-hills-vic-3127-2013066781,,0.7-1.9-2,3,Oct/2016/3987.0/SOLD-May/2009/2003000.0/SOLD,0,0,0,0,0,0,0,0,0,0,0,0,0,0,0,0,0,0,0,0
8-charles-street-surrey-hills-vic-3127,Surrey Hills,1530000,08-Oct-2016,4,2,2,455,m2,House,https://www.domain.com.au/8-charles-street-surrey-hills-vic-3127-2013046002,,0.9-1.8-2.4,3,Nov/2020/1750000.0/SOLD-Oct/2016/1530000.0/SOLD-Dec/1995/271000.0/SOLD,0,0,0,0,0,0,0,0,0,0,0,0,0,0,0,0,0,0,0,0
18-benson-street-surrey-hills-vic-3127,Surrey Hills,2450000,19-Sep-2016,4,2,2,782,m2,House,https://www.domain.com.au/18-benson-street-surrey-hills-vic-3127-2012923517,,0.1-1.9-2.1,3,Nov/2020/2575000.0/SOLD-Sep/2016/2450000.0/SOLD,0,0,0,0,0,0,0,0,0,0,0,0,0,0,0,0,0,0,0,0
255-elgar-road-surrey-hills-vic-3127,Surrey Hills,1461500,16-Sep-2016,4,2,2,827,m2,House,https://www.domain.com.au/255-elgar-road-surrey-hills-vic-3127-2012986458,,1.2-2.7-6.9,3,Sep/2016/1461500.0/SOLD-Jul/2004/461000.0/SOLD,0,0,0,0,0,0,0,0,0,0,0,0,0,0,0,0,0,0,0,0
16-goodwood-street-surrey-hills-vic-3127,Surrey Hills,2005000,10-Sep-2016,4,2,2,760,m2,House,https://www.domain.com.au/16-goodwood-street-surrey-hills-vic-3127-2012991020,,1-2.7-6.9,3,Sep/2016/2005000.0/SOLD-May/2002/430000.0/SOLD,0,0,0,0,0,0,0,0,0,0,0,0,0,0,0,0,0,0,0,0
112-croydon-road-surrey-hills-vic-3127,Surrey Hills,2218000,03-Sep-2016,4,3,2,817,m2,House,https://www.domain.com.au/112-croydon-road-surrey-hills-vic-3127-2012973047,,0.4-2.1-2.2,3,Sep/2016/2218000.0/SOLD-Aug/1989/163000.0/SOLD,0,0,0,0,0,0,0,0,0,0,0,0,0,0,0,0,0,0,0,0
40-grovedale-road-surrey-hills-vic-3127,Surrey Hills,1751000,27-Aug-2016,4,1,3,627,m2,House,https://www.domain.com.au/40-grovedale-road-surrey-hills-vic-3127-2012966705,,0.2-1.8-2.1,3,Jul/2021/2600000.0/SOLD-Aug/2016/870.0/SOLD,0,0,0,0,0,0,0,0,0,0,0,0,0,0,0,0,0,0,0,0
11-amiens-street-surrey-hills-vic-3127,Surrey Hills,1835000,20-Aug-2016,4,2,2,734,m2,House,https://www.domain.com.au/11-amiens-street-surrey-hills-vic-3127-2012948222,,1-1.9-2.6,3,Aug/2016/1835000.0/SOLD-Apr/2008/925000.0/SOLD,0,0,0,0,0,0,0,0,0,0,0,0,0,0,0,0,0,0,0,0
28-park-road-surrey-hills-vic-3127,Surrey Hills,2161888,30-Jul-2016,4,2,4,917,m2,House,https://www.domain.com.au/28-park-road-surrey-hills-vic-3127-2012444945,,1.2-3-3.1,3,Nov/2018/950.0/SOLD,0,0,0,0,0,0,0,0,0,0,0,0,0,0,0,0,0,0,0,0
42a-essex-road-surrey-hills-vic-3127,Surrey Hills,1725000,18-Jun-2016,4,2,2,744,m2,House,https://www.domain.com.au/42a-essex-road-surrey-hills-vic-3127-2012817219,,0.7-1.6-2.2,3,Jun/2016/1725000.0/SOLD-Dec/2005/650000.0/SOLD,0,0,0,0,0,0,0,0,0,0,0,0,0,0,0,0,0,0,0,0
34-barton-street-surrey-hills-vic-3127,Surrey Hills,1850000,21-May-2016,4,2,2,632,m2,House,https://www.domain.com.au/34-barton-street-surrey-hills-vic-3127-2012759919,,0.5-1.4-2,3,May/2016/1850000.0/SOLD-Dec/1986/110000.0/SOLD,0,0,0,0,0,0,0,0,0,0,0,0,0,0,0,0,0,0,0,0
21-rose-avenue-surrey-hills-vic-3127,Surrey Hills,1850000,04-May-2016,4,2,2,603,m2,House,https://www.domain.com.au/21-rose-avenue-surrey-hills-vic-3127-2012720359,,0.7-2.2-6.5,3,May/2016/1850000.0/SOLD-Feb/2012/1170000.0/SOLD-Apr/2005/808000.0/SOLD,0,0,0,0,0,0,0,0,0,0,0,0,0,0,0,0,0,0,0,0
57-kennealy-street-surrey-hills-vic-3127,Surrey Hills,2700000,30-Apr-2016,4,2,3,869,m2,House,https://www.domain.com.au/57-kennealy-street-surrey-hills-vic-3127-2012708081,,0.4-1.3-2,3,Apr/2016/2700000.0/SOLD-Apr/2009/1160000.0/SOLD,0,0,0,0,0,0,0,0,0,0,0,0,0,0,0,0,0,0,0,0
5-thornton-avenue-surrey-hills-vic-3127,Surrey Hills,1815000,13-Apr-2016,4,2,2,650,m2,House,https://www.domain.com.au/5-thornton-avenue-surrey-hills-vic-3127-2012720620,,0.3-1.6-2,3,Apr/2016/750.0/SOLD-Sep/1981/1815000.0/SOLD,0,0,0,0,0,0,0,0,0,0,0,0,0,0,0,0,0,0,0,0
225-elgar-road-surrey-hills-vic-3127,Surrey Hills,1575000,01-Mar-2016,4,2,4,854,m2,House,https://www.domain.com.au/225-elgar-road-surrey-hills-vic-3127-2012611007,,1.3-2.9-7.1,3,May/2016/1575000.0/SOLD-Jun/2010/1037500.0000000001/SOLD-Aug/2003/540000.0/SOLD,0,0,0,0,0,0,0,0,0,0,0,0,0,0,0,0,0,0,0,0
723-canterbury-road-surrey-hills-vic-3127,Surrey Hills,1705000,12-Dec-2015,4,3,5,903,m2,House,https://www.domain.com.au/723-canterbury-road-surrey-hills-vic-3127-2012415786,,0.4-2-2.9,3,Dec/2015/1705000.0/SOLD-Oct/2009/1050000.0/SOLD-May/1988/170000.0/SOLD,0,0,0,0,0,0,0,0,0,0,0,0,0,0,0,0,0,0,0,0
16-varzin-avenue-surrey-hills-vic-3127,Surrey Hills,1755000,07-Nov-2015,4,2,2,1052,m2,House,https://www.domain.com.au/16-varzin-avenue-surrey-hills-vic-3127-2012319725,,0.6-2.2-6.5,3,Nov/2015/1755000.0/SOLD-Nov/1996/375000.0/SOLD-Aug/1993/340000.0/SOLD,0,0,0,0,0,0,0,0,0,0,0,0,0,0,0,0,0,0,0,0
712-canterbury-road-surrey-hills-vic-3127,Surrey Hills,1310000,24-Oct-2015,4,3,6,670,m2,House,https://www.domain.com.au/712-canterbury-road-surrey-hills-vic-3127-2012295793,,0.4-2.1-2.8,3,Oct/2015/1310000.0/SOLD-Oct/1997/295000.0/SOLD,0,0,0,0,0,0,0,0,0,0,0,0,0,0,0,0,0,0,0,0
20-goodwood-street-surrey-hills-vic-3127,Surrey Hills,1802000,17-Oct-2015,4,2,1,689,m2,House,https://www.domain.com.au/20-goodwood-street-surrey-hills-vic-3127-2012279137,,1-2.6-6.9,3,Oct/2015/1802000.0/SOLD-Aug/2005/516000.0/SOLD,0,0,0,0,0,0,0,0,0,0,0,0,0,0,0,0,0,0,0,0
116-broughton-road-surrey-hills-vic-3127,Surrey Hills,2208000,22-Aug-2015,4,3,6,910,m2,House,https://www.domain.com.au/116-broughton-road-surrey-hills-vic-3127-2012142391,,1.3-2.8-3,3,Aug/2015/2208000.0/SOLD-Mar/2004/605000.0/SOLD,0,0,0,0,0,0,0,0,0,0,0,0,0,0,0,0,0,0,0,0
44-essex-road-surrey-hills-vic-3127,Surrey Hills,1820000,22-Aug-2015,4,2,2,869,m2,House,https://www.domain.com.au/44-essex-road-surrey-hills-vic-3127-2012135513,,0.7-1.6-2.2,3,Aug/2015/1820000.0/SOLD,0,0,0,0,0,0,0,0,0,0,0,0,0,0,0,0,0,0,0,0
237-mont-albert-road-surrey-hills-vic-3127,Surrey Hills,2260000,17-Aug-2015,4,2,2,807,m2,House,https://www.domain.com.au/237-mont-albert-road-surrey-hills-vic-3127-2012104038,,0.3-1.8-2,3,Aug/2015/2260000.0/SOLD-Oct/1995/362500.0/SOLD-Oct/1994/362500.0/SOLD,0,0,0,0,0,0,0,0,0,0,0,0,0,0,0,0,0,0,0,0
27-sunbury-crescent-surrey-hills-vic-3127,Surrey Hills,1150000,15-Aug-2015,4,1,1,475,m2,House,https://www.domain.com.au/27-sunbury-crescent-surrey-hills-vic-3127-2012129981,,0.5-2.1-2.3,3,Aug/2015/1150000.0/SOLD-Nov/2009/649500.0/SOLD,0,0,0,0,0,0,0,0,0,0,0,0,0,0,0,0,0,0,0,0
9a-scheele-street-surrey-hills-vic-3127,Surrey Hills,1900000,24-Jun-2015,4,3,2,520,m2,House,https://www.domain.com.au/9a-scheele-street-surrey-hills-vic-3127-2012005186,,0.5-1.5-2.1,3,Jun/2015/1900000.0/SOLD-Jun/2013/1398000.0/SOLD,0,0,0,0,0,0,0,0,0,0,0,0,0,0,0,0,0,0,0,0
93-union-road-surrey-hills-vic-3127,Surrey Hills,1950000,25-Apr-2015,4,2,3,1162,m2,House,https://www.domain.com.au/93-union-road-surrey-hills-vic-3127-2011877680,,0.3-2.2-6.1,3,Apr/2015/1950000.0/SOLD-Sep/2014/1665000.0/SOLD-Oct/1981/80000.0/SOLD,0,0,0,0,0,0,0,0,0,0,0,0,0,0,0,0,0,0,0,0
44-suffolk-road-surrey-hills-vic-3127,Surrey Hills,3370000,18-Apr-2015,4,2,2,1089,m2,House,https://www.domain.com.au/44-suffolk-road-surrey-hills-vic-3127-2011856945,,0.8-1.7-2.3,3,Apr/2015/3370000.0/SOLD-May/2004/950000.0/SOLD,0,0,0,0,0,0,0,0,0,0,0,0,0,0,0,0,0,0,0,0
466-whitehorse-road-surrey-hills-vic-3127,Surrey Hills,2100000,21-Mar-2015,4,3,2,677,m2,House,https://www.domain.com.au/466-whitehorse-road-surrey-hills-vic-3127-2011795004,,0.4-1.6-2.2,3,May/2017/2803000.0/SOLD-Mar/2015/1200.0/SOLD,0,0,0,0,0,0,0,0,0,0,0,0,0,0,0,0,0,0,0,0
8-union-road-surrey-hills-vic-3127,Surrey Hills,1520000,21-Mar-2015,4,2,1,664,m2,House,https://www.domain.com.au/8-union-road-surrey-hills-vic-3127-2011793454,,1-2-2.7,3,Jun/2021/2069999.9999999998/SOLD-Mar/2015/1520000.0/SOLD-Jan/1992/158500.0/SOLD,0,0,0,0,0,0,0,0,0,0,0,0,0,0,0,0,0,0,0,0
4-lambourne-street-surrey-hills-vic-3127,Surrey Hills,1750000,18-Mar-2015,4,2,2,700,m2,House,https://www.domain.com.au/4-lambourne-street-surrey-hills-vic-3127-2011805723,,1.1-2.4-2.7,3,Mar/2015/1750000.0/SOLD-Aug/2000/350000.0/SOLD-Jul/1984/89000.0/SOLD,0,0,0,0,0,0,0,0,0,0,0,0,0,0,0,0,0,0,0,0
223-mont-albert-road-surrey-hills-vic-3127,Surrey Hills,1631000,20-Dec-2014,4,2,2,723,m2,House,https://www.domain.com.au/223-mont-albert-road-surrey-hills-vic-3127-2011623061,,0.3-1.7-1.9,3,Dec/2014/1631000.0/SOLD-Sep/2007/1100000.0/SOLD-Nov/1992/308000.0/SOLD,0,0,0,0,0,0,0,0,0,0,0,0,0,0,0,0,0,0,0,0
20-park-road-surrey-hills-vic-3127,Surrey Hills,2160000,15-Nov-2014,4,3,2,657,m2,House,https://www.domain.com.au/20-park-road-surrey-hills-vic-3127-2011515510,Study,1.3-3-3,3,Nov/2014/2160000.0/SOLD-Oct/2013/1040000.0/SOLD-Mar/2011/1331000.0/SOLD,0,0,0,0,0,1,0,0,0,0,0,0,0,0,0,0,0,0,0,0
217-elgar-road-surrey-hills-vic-3127,Surrey Hills,1200000,26-Oct-2014,4,2,4,830,m2,House,https://www.domain.com.au/217-elgar-road-surrey-hills-vic-3127-2011448770,,1.3-2.9-7.1,3,Oct/2014/1200000.0/SOLD-Dec/2007/945000.0/SOLD-Apr/1994/160500.0/SOLD,0,0,0,0,0,0,0,0,0,0,0,0,0,0,0,0,0,0,0,0
43-park-road-surrey-hills-vic-3127,Surrey Hills,1591000,11-Oct-2014,4,3,2,1056,m2,House,https://www.domain.com.au/43-park-road-surrey-hills-vic-3127-2011433654,,1.1-3-3.1,3,Sep/2019/2400000.0/SOLD-Oct/2014/1591000.0/SOLD-Aug/1980/58000.0/SOLD,0,0,0,0,0,0,0,0,0,0,0,0,0,0,0,0,0,0,0,0
341-elgar-road-surrey-hills-vic-3127,Surrey Hills,2701000,17-May-2014,4,2,1,1886,m2,House,https://www.domain.com.au/341-elgar-road-surrey-hills-vic-3127-2011128142,,1.1-1.9-2.3,3,,0,0,0,0,0,0,0,0,0,0,0,0,0,0,0,0,0,0,0,0
30-ross-street-surrey-hills-vic-3127,Surrey Hills,1610000,14-Dec-2013,4,2,2,640,m2,House,https://www.domain.com.au/30-ross-street-surrey-hills-vic-3127-2010844028,Study,0.1-1.9-2,3,Dec/2013/1610000.0/SOLD-Jul/1982/54500.0/SOLD,0,0,0,0,0,1,0,0,0,0,0,0,0,0,0,0,0,0,0,0
86-guildford-road-surrey-hills-vic-3127,Surrey Hills,1470000,21-Sep-2013,4,1,2,758,m2,House,https://www.domain.com.au/86-guildford-road-surrey-hills-vic-3127-2010663178,,0.7-2.1-2.2,3,Sep/2013/640.0/SOLD-May/1989/1470000.0/SOLD,0,0,0,0,0,0,0,0,0,0,0,0,0,0,0,0,0,0,0,0
20-wells-street-surrey-hills-vic-3127,Surrey Hills,2200000,21-Sep-2013,4,2,6,785,m2,House,https://www.domain.com.au/20-wells-street-surrey-hills-vic-3127-2010657936,,0.2-1.7-2,3,Sep/2013/2200000.0/SOLD-Dec/1999/452500.0/SOLD-Mar/1981/65000.0/SOLD,0,0,0,0,0,0,0,0,0,0,0,0,0,0,0,0,0,0,0,0
219-prospect-hill-road-surrey-hills-vic-3127,Surrey Hills,1485000,21-Sep-2013,4,2,1,589,m2,House,https://www.domain.com.au/219-prospect-hill-road-surrey-hills-vic-3127-2010665269,,0.4-1.3-2,3,Sep/2013/1485000.0/SOLD-May/1993/210000.0/SOLD,0,0,0,0,0,0,0,0,0,0,0,0,0,0,0,0,0,0,0,0
11-boisdale-street-surrey-hills-vic-3127,Surrey Hills,1060500,08-Jun-2013,4,2,2,717,m2,House,https://www.domain.com.au/11-boisdale-street-surrey-hills-vic-3127-2010460086,,1-2.4-7,3,Nov/2020/2235000.0/SOLD-Jun/2013/1060500.0/SOLD-Oct/1999/450000.0/SOLD,0,0,0,0,0,0,0,0,0,0,0,0,0,0,0,0,0,0,0,0
51-broughton-road-surrey-hills-vic-3127,Surrey Hills,1358000,01-Jun-2013,4,3,2,741,m2,House,https://www.domain.com.au/51-broughton-road-surrey-hills-vic-3127-2010429569,,0.7-2.5-2.8,3,Jun/2013/1358000.0/SOLD-Mar/2004/452500.0/SOLD,0,0,0,0,0,0,0,0,0,0,0,0,0,0,0,0,0,0,0,0
88-durham-road-surrey-hills-vic-3127,Surrey Hills,1675000,18-Mar-2013,4,2,2,791,m2,House,https://www.domain.com.au/88-durham-road-surrey-hills-vic-3127-2010305495,,0.6-1.5-2.3,3,Sep/2019/2370000.0/SOLD-Mar/2013/1675000.0/SOLD-Jan/2008/1125000.0/SOLD,0,0,0,0,0,0,0,0,0,0,0,0,0,0,0,0,0,0,0,0
46-bentley-street-surrey-hills-vic-3127,Surrey Hills,858000,08-Dec-2012,4,3,2,294,m2,House,https://www.domain.com.au/46-bentley-street-surrey-hills-vic-3127-2009951958,,1.1-2.6-2.8,3,Dec/2012/858000.0/SOLD,0,0,0,0,0,0,0,0,0,0,0,0,0,0,0,0,0,0,0,0
28-chestnut-street-surrey-hills-vic-3127,Surrey Hills,835000,20-Oct-2012,4,2,2,426,m2,House,https://www.domain.com.au/28-chestnut-street-surrey-hills-vic-3127-2009997489,,1.3-2.7-2.8,3,Aug/2012/735.0/SOLD-Feb/2007/835000.0/SOLD,0,0,0,0,0,0,0,0,0,0,0,0,0,0,0,0,0,0,0,0
54-park-road-surrey-hills-vic-3127,Surrey Hills,1000000,15-Sep-2012,4,2,2,718,m2,House,https://www.domain.com.au/54-park-road-surrey-hills-vic-3127-2009954327,,1.1-3-3,3,Sep/2012/1000000.0/SOLD,0,0,0,0,0,0,0,0,0,0,0,0,0,0,0,0,0,0,0,0
53-croydon-road-surrey-hills-vic-3127,Surrey Hills,1730000,01-Sep-2012,4,2,1,766,m2,House,https://www.domain.com.au/53-croydon-road-surrey-hills-vic-3127-2009889851,,0.6-1.9-2,3,Sep/2012/1730000.0/SOLD-Sep/1981/750.0/SOLD,0,0,0,0,0,0,0,0,0,0,0,0,0,0,0,0,0,0,0,0
225-prospect-hill-road-surrey-hills-vic-3127,Surrey Hills,1380000,19-Aug-2012,4,2,1,723,m2,House,https://www.domain.com.au/225-prospect-hill-road-surrey-hills-vic-3127-2009768554,,0.4-1.3-2.1,3,Aug/2012/1380000.0/SOLD-Feb/2005/670500.0/SOLD,0,0,0,0,0,0,0,0,0,0,0,0,0,0,0,0,0,0,0,0
10-junction-road-surrey-hills-vic-3127,Surrey Hills,1550000,15-Aug-2012,4,2,2,610,m2,House,https://www.domain.com.au/10-junction-road-surrey-hills-vic-3127-2009841026,,0.7-1.6-1.7,3,Aug/2012/900.0/SOLD-Dec/2006/1550000.0/SOLD,0,0,0,0,0,0,0,0,0,0,0,0,0,0,0,0,0,0,0,0
22-redvers-street-surrey-hills-vic-3127,Surrey Hills,980000,10-Aug-2012,4,2,2,600,m2,House,https://www.domain.com.au/22-redvers-street-surrey-hills-vic-3127-2009877785,,0.6-1.4-1.7,3,Aug/2012/980000.0/SOLD,0,0,0,0,0,0,0,0,0,0,0,0,0,0,0,0,0,0,0,0
766-canterbury-road-surrey-hills-vic-3127,Surrey Hills,826000,26-May-2012,4,2,2,671,m2,House,https://www.domain.com.au/766-canterbury-road-surrey-hills-vic-3127-2009652758,,0.9-2.1-2.5,3,Sep/2016/1310000.0/SOLD-May/2012/826000.0/SOLD-Jun/2004/313000.0/SOLD,0,0,0,0,0,0,0,0,0,0,0,0,0,0,0,0,0,0,0,0
12-boisdale-street-surrey-hills-vic-3127,Surrey Hills,1478000,12-May-2012,4,3,2,801,m2,House,https://www.domain.com.au/12-boisdale-street-surrey-hills-vic-3127-2009624615,,0.9-2.5-7,3,May/2012/1478000.0/SOLD-Nov/1977/40000.0/SOLD,0,0,0,0,0,0,0,0,0,0,0,0,0,0,0,0,0,0,0,0
48-boisdale-street-surrey-hills-vic-3127,Surrey Hills,1645000,24-Mar-2012,4,2,2,660,m2,House,https://www.domain.com.au/48-boisdale-street-surrey-hills-vic-3127-2009527869,,1.1-2.8-7,3,,0,0,0,0,0,0,0,0,0,0,0,0,0,0,0,0,0,0,0,0
29-broughton-road-surrey-hills-vic-3127,Surrey Hills,960000,19-Dec-2011,4,2,2,781,m2,House,https://www.domain.com.au/29-broughton-road-surrey-hills-vic-3127-2009333876,,0.5-2.3-2.8,3,Dec/2011/960000.0/SOLD,0,0,0,0,0,0,0,0,0,0,0,0,0,0,0,0,0,0,0,0
8-thornton-avenue-surrey-hills-vic-3127,Surrey Hills,1175000,19-Nov-2011,4,2,1,533,m2,House,https://www.domain.com.au/8-thornton-avenue-surrey-hills-vic-3127-2009310453,,0.3-1.7-2,3,Nov/2011/1175000.0/SOLD-Jan/2000/380000.0/SOLD,0,0,0,0,0,0,0,0,0,0,0,0,0,0,0,0,0,0,0,0
29-guildford-road-surrey-hills-vic-3127,Surrey Hills,2185000,12-Nov-2011,4,1,1,1013,m2,House,https://www.domain.com.au/29-guildford-road-surrey-hills-vic-3127-2009304280,,0.5-1.7-1.8,3,Sep/2017/5990000.0/SOLD-Dec/2011/2185000.0/SOLD,0,0,0,0,0,0,0,0,0,0,0,0,0,0,0,0,0,0,0,0
42-boisdale-street-surrey-hills-vic-3127,Surrey Hills,900000,08-Oct-2011,4,2,2,538,m2,House,https://www.domain.com.au/42-boisdale-street-surrey-hills-vic-3127-2009201153,,1-2.7-7,3,Oct/2011/900000.0/SOLD-Jul/1996/265000.0/SOLD,0,0,0,0,0,0,0,0,0,0,0,0,0,0,0,0,0,0,0,0
65-durham-road-surrey-hills-vic-3127,Surrey Hills,1207500,24-Sep-2011,4,1,2,790,m2,House,https://www.domain.com.au/65-durham-road-surrey-hills-vic-3127-2009198043,,0.6-1.6-2.3,3,Sep/2011/1207500.0/SOLD-Sep/1999/450000.0/SOLD-Dec/1994/295000.0/SOLD,0,0,0,0,0,0,0,0,0,0,0,0,0,0,0,0,0,0,0,0
20-scottsdale-street-surrey-hills-vic-3127,Surrey Hills,1580000,20-Jun-2011,4,3,2,1072,m2,House,https://www.domain.com.au/20-scottsdale-street-surrey-hills-vic-3127-2009008324,,0.8-2.5-6.7,3,,0,0,0,0,0,0,0,0,0,0,0,0,0,0,0,0,0,0,0,0
3-charles-street-surrey-hills-vic-3127,Surrey Hills,1060000,25-Mar-2011,4,3,2,370,m2,House,https://www.domain.com.au/3-charles-street-surrey-hills-vic-3127-2008819722,,0.9-1.8-2.4,3,Mar/2011/1060000.0/SOLD-Jun/1999/398000.0/SOLD,0,0,0,0,0,0,0,0,0,0,0,0,0,0,0,0,0,0,0,0
30-essex-road-surrey-hills-vic-3127,Surrey Hills,1710000,05-Mar-2011,4,2,1,1070,m2,House,https://www.domain.com.au/30-essex-road-surrey-hills-vic-3127-2008802219,,0.7-1.6-2.2,3,Apr/2020/3231000.0/SOLD-Aug/2011/1710000.0/SOLD-Nov/1991/420000.0/SOLD,0,0,0,0,0,0,0,0,0,0,0,0,0,0,0,0,0,0,0,0
6-marne-street-surrey-hills-vic-3127,Surrey Hills,1395000,21-Feb-2011,4,2,2,701,m2,House,https://www.domain.com.au/6-marne-street-surrey-hills-vic-3127-2008807075,,1-2-2.7,3,Feb/2011/1395000.0/SOLD-Oct/2001/507000.0/SOLD-May/1993/260000.0/SOLD,0,0,0,0,0,0,0,0,0,0,0,0,0,0,0,0,0,0,0,0
27-bentley-street-surrey-hills-vic-3127,Surrey Hills,1020000,18-Dec-2010,4,2,2,700,m2,House,https://www.domain.com.au/27-bentley-street-surrey-hills-vic-3127-2008704910,,1-2.4-2.7,3,Dec/2010/1020000.0/SOLD-Nov/1988/190000.0/SOLD-Oct/1985/113000.0/SOLD,0,0,0,0,0,0,0,0,0,0,0,0,0,0,0,0,0,0,0,0
30-redvers-street-surrey-hills-vic-3127,Surrey Hills,1725000,23-Oct-2010,4,3,2,632,m2,House,https://www.domain.com.au/30-redvers-street-surrey-hills-vic-3127-2008589190,,0.6-1.3-1.7,3,Jan/2011/1725000.0/SOLD-May/2005/1080000.0/SOLD-Feb/1996/190000.0/SOLD,0,0,0,0,0,0,0,0,0,0,0,0,0,0,0,0,0,0,0,0
6-langford-street-surrey-hills-vic-3127,Surrey Hills,2225000,06-Jul-2010,4,2,2,846,m2,House,https://www.domain.com.au/6-langford-street-surrey-hills-vic-3127-2008433618,,0.5-1.5-2.1,3,Oct/2013/2000000.0/SOLD-Jul/2010/2225000.0/SOLD-Oct/2005/690000.0/SOLD,0,0,0,0,0,0,0,0,0,0,0,0,0,0,0,0,0,0,0,0
3-harding-street-surrey-hills-vic-3127,Surrey Hills,2525000,17-Nov-2021,5,3,2,940,m2,House,https://www.domain.com.au/3-harding-street-surrey-hills-vic-3127-2016969058,Secure Parking*-Heating*-Balcony / Deck*-Study,0.6-2.1-2.8,3,Nov/2021/2525000.0/SOLD-Dec/2015/900.0/SOLD,1,0,0,0,1,1,0,0,0,0,0,0,0,0,0,0,1,1,0,0
255-union-road-surrey-hills-vic-3127,Surrey Hills,2625000,03-Jun-2021,5,3,2,753,m2,House,https://www.domain.com.au/255-union-road-surrey-hills-vic-3127-2016998383,,0.4-1.3-2,3,Jun/2021/2625000.0/SOLD-Oct/2003/910000.0/SOLD,0,0,0,0,0,0,0,0,0,0,0,0,0,0,0,0,0,0,0,0
14-boisdale-street-surrey-hills-vic-3127,Surrey Hills,2700000,20-Feb-2021,8,4,4,1022,m2,House,https://www.domain.com.au/14-boisdale-street-surrey-hills-vic-3127-2016749752,Internal Laundry*-Garden*,0.9-2.5-7,3,,0,0,1,0,0,0,0,0,0,0,0,0,0,0,0,1,0,0,0,0
24-glendale-street-surrey-hills-vic-3127,Surrey Hills,2880000,16-Feb-2021,5,3,3,839,m2,House,https://www.domain.com.au/24-glendale-street-surrey-hills-vic-3127-2016771156,,0.9-2.4-6.8,3,Feb/2021/2880000.0/SOLD-Aug/2017/2400000.0/SOLD-Mar/1983/99000.0/SOLD,0,0,0,0,0,0,0,0,0,0,0,0,0,0,0,0,0,0,0,0
41-suffolk-road-surrey-hills-vic-3127,Surrey Hills,3410000,12-Dec-2020,5,3,2,892,m2,House,https://www.domain.com.au/41-suffolk-road-surrey-hills-vic-3127-2016641168,,0.8-1.8-2.3,3,Dec/2020/3410000.0/SOLD-Sep/1998/485500.0/SOLD,0,0,0,0,0,0,0,0,0,0,0,0,0,0,0,0,0,0,0,0
7-neath-street-surrey-hills-vic-3127,Surrey Hills,4005000,28-Nov-2020,5,4,2,780,m2,House,https://www.domain.com.au/7-neath-street-surrey-hills-vic-3127-2016585981,,0.2-1.7-2,3,Nov/2020/4005000.0/SOLD-Jul/2015/2029999.9999999998/SOLD,0,0,0,0,0,0,0,0,0,0,0,0,0,0,0,0,0,0,0,0
273-mont-albert-road-surrey-hills-vic-3127,Surrey Hills,2350000,23-May-2020,5,3,2,863,m2,House,https://www.domain.com.au/273-mont-albert-road-surrey-hills-vic-3127-2016258249,,0.4-1.9-2.2,3,May/2020/2350000.0/SOLD,0,0,0,0,0,0,0,0,0,0,0,0,0,0,0,0,0,0,0,0
25-albert-crescent-surrey-hills-vic-3127,Surrey Hills,2685000,14-Mar-2020,5,3,2,1171,m2,House,https://www.domain.com.au/25-albert-crescent-surrey-hills-vic-3127-2016080177,Study,0.3-1.8-2.5,3,Mar/2020/2685000.0/SOLD,0,0,0,0,0,1,0,0,0,0,0,0,0,0,0,0,0,0,0,0
19-wells-street-surrey-hills-vic-3127,Surrey Hills,2950000,22-Feb-2020,5,3,2,780,m2,House,https://www.domain.com.au/19-wells-street-surrey-hills-vic-3127-2016038699,,0.3-1.6-2,3,Feb/2020/2950000.0/SOLD-Dec/2016/1850000.0/SOLD,0,0,0,0,0,0,0,0,0,0,0,0,0,0,0,0,0,0,0,0
24-park-road-surrey-hills-vic-3127,Surrey Hills,1960000,14-Dec-2019,6,4,2,472,m2,House,https://www.domain.com.au/24-park-road-surrey-hills-vic-3127-2015967673,,1.3-3-3.1,3,Dec/2019/1960000.0/SOLD-Apr/2017/2560000.0/SOLD-Nov/2015/2069999.9999999998/SOLD,0,0,0,0,0,0,0,0,0,0,0,0,0,0,0,0,0,0,0,0
24-park-road-surrey-hills-vic-3127,Surrey Hills,1960000,14-Dec-2019,6,4,2,472,m2,House,https://www.domain.com.au/24-park-road-surrey-hills-vic-3127-2015880443,,1.3-3-3.1,3,Dec/2019/1960000.0/SOLD-Apr/2017/2560000.0/SOLD-Nov/2015/2069999.9999999998/SOLD,0,0,0,0,0,0,0,0,0,0,0,0,0,0,0,0,0,0,0,0
14-neath-street-surrey-hills-vic-3127,Surrey Hills,3843000,16-Nov-2019,5,2,2,725,m2,House,https://www.domain.com.au/14-neath-street-surrey-hills-vic-3127-2015780719,,0.2-1.8-2,3,Nov/2019/3843000.0/SOLD-Nov/2010/2250000.0/SOLD-Dec/2006/1654000.0/SOLD,0,0,0,0,0,0,0,0,0,0,0,0,0,0,0,0,0,0,0,0
762-canterbury-road-surrey-hills-vic-3127,Surrey Hills,1289000,26-Oct-2019,5,1,2,585,m2,House,https://www.domain.com.au/762-canterbury-road-surrey-hills-vic-3127-2015696060,,0.9-2-2.5,3,Oct/2019/1289000.0/SOLD,0,0,0,0,0,0,0,0,0,0,0,0,0,0,0,0,0,0,0,0
79-middlesex-road-surrey-hills-vic-3127,Surrey Hills,2450000,26-Oct-2019,5,3,3,743,m2,House,https://www.domain.com.au/79-middlesex-road-surrey-hills-vic-3127-2015699379,,0.5-1.4-2.1,3,Oct/2019/1100.0/SOLD,0,0,0,0,0,0,0,0,0,0,0,0,0,0,0,0,0,0,0,0
24-balmoral-crescent-surrey-hills-vic-3127,Surrey Hills,3000000,12-Sep-2019,5,2,2,1580,m2,House,https://www.domain.com.au/24-balmoral-crescent-surrey-hills-vic-3127-2015440123,,0.5-1.9-2.6,3,Sep/2019/3000000.0/SOLD-Feb/1990/500000.0/SOLD,0,0,0,0,0,0,0,0,0,0,0,0,0,0,0,0,0,0,0,0
21-graham-street-surrey-hills-vic-3127,Surrey Hills,1620000,03-Aug-2019,5,2,1,746,m2,House,https://www.domain.com.au/21-graham-street-surrey-hills-vic-3127-2015419771,,1-2.2-6.9,3,Aug/2019/1620000.0/SOLD-Mar/2004/580000.0/SOLD,0,0,0,0,0,0,0,0,0,0,0,0,0,0,0,0,0,0,0,0
15-drewett-street-surrey-hills-vic-3127,Surrey Hills,2098000,23-Feb-2019,6,3,2,917,m2,House,https://www.domain.com.au/15-drewett-street-surrey-hills-vic-3127-2014903484,,0.8-2.4-3,3,Feb/2019/2098000.0/SOLD,0,0,0,0,0,0,0,0,0,0,0,0,0,0,0,0,0,0,0,0
2-belmont-street-surrey-hills-vic-3127,Surrey Hills,1575000,12-Dec-2018,5,2,2,728,m2,House,https://www.domain.com.au/2-belmont-street-surrey-hills-vic-3127-2014768720,,0.6-2.4-2.7,3,Dec/2018/1575000.0/SOLD-Jan/1986/117000.0/SOLD-Mar/1985/77500.0/SOLD,0,0,0,0,0,0,0,0,0,0,0,0,0,0,0,0,0,0,0,0
62-union-road-surrey-hills-vic-3127,Surrey Hills,2900000,24-Jun-2018,5,2,2,1312,m2,House,https://www.domain.com.au/62-union-road-surrey-hills-vic-3127-2014206748,,0.6-2.1-2.5,3,Jun/2018/2900000.0/SOLD-Jun/1995/320000.0/SOLD-Oct/1994/320000.0/SOLD,0,0,0,0,0,0,0,0,0,0,0,0,0,0,0,0,0,0,0,0
3-wells-street-surrey-hills-vic-3127,Surrey Hills,2220000,13-Mar-2018,5,1,3,780,m2,House,https://www.domain.com.au/3-wells-street-surrey-hills-vic-3127-2014179536,,0.3-1.6-1.9,3,Mar/2018/2220000.0/SOLD,0,0,0,0,0,0,0,0,0,0,0,0,0,0,0,0,0,0,0,0
180-union-road-surrey-hills-vic-3127,Surrey Hills,3650000,27-Oct-2017,5,3,2,834,m2,House,https://www.domain.com.au/180-union-road-surrey-hills-vic-3127-2013894809,,0.5-1.9-2.4,3,May/2018/3650000.0/SOLD-Oct/2017/3650000.0/SOLD-Apr/2010/1500000.0/SOLD,0,0,0,0,0,0,0,0,0,0,0,0,0,0,0,0,0,0,0,0
228-union-road-surrey-hills-vic-3127,Surrey Hills,2050000,21-Oct-2017,5,2,1,734,m2,House,https://www.domain.com.au/228-union-road-surrey-hills-vic-3127-2013779141,,0.6-1.5-2.2,3,Oct/2017/2049999.9999999998/SOLD-Aug/2004/515000.0/SOLD-Mar/1993/55000.0/SOLD,0,0,0,0,0,0,0,0,0,0,0,0,0,0,0,0,0,0,0,0
24-glendale-street-surrey-hills-vic-3127,Surrey Hills,2400000,26-Aug-2017,7,3,2,838,m2,House,https://www.domain.com.au/24-glendale-street-surrey-hills-vic-3127-2013751244,,0.9-2.4-6.8,3,Feb/2021/2880000.0/SOLD-Aug/2017/2400000.0/SOLD-Mar/1983/99000.0/SOLD,0,0,0,0,0,0,0,0,0,0,0,0,0,0,0,0,0,0,0,0
1-oak-street-surrey-hills-vic-3127,Surrey Hills,1825000,19-Aug-2017,5,3,2,368,m2,House,https://www.domain.com.au/1-oak-street-surrey-hills-vic-3127-2013736230,,1.3-3-3.1,3,Aug/2017/1825000.0/SOLD-Aug/2009/620000.0/SOLD-Aug/2002/531250.0/SOLD,0,0,0,0,0,0,0,0,0,0,0,0,0,0,0,0,0,0,0,0
34-suffolk-road-surrey-hills-vic-3127,Surrey Hills,2825000,21-Jul-2017,5,2,2,1070,m2,House,https://www.domain.com.au/34-suffolk-road-surrey-hills-vic-3127-2013726274,,0.8-1.8-2.3,3,Jul/2017/2825000.0/SOLD-Sep/2000/650000.0/SOLD-Aug/1999/569000.0/SOLD,0,0,0,0,0,0,0,0,0,0,0,0,0,0,0,0,0,0,0,0
4-alastair-court-surrey-hills-vic-3127,Surrey Hills,4850000,12-May-2017,5,4,3,1606,m2,House,https://www.domain.com.au/4-alastair-court-surrey-hills-vic-3127-2013483343,,0.7-2-2.5,3,May/2017/4850000.0/SOLD-Jun/2007/1500000.0/SOLD,0,0,0,0,0,0,0,0,0,0,0,0,0,0,0,0,0,0,0,0
21-boisdale-street-surrey-hills-vic-3127,Surrey Hills,3410000,25-Feb-2017,5,5,2,674,m2,House,https://www.domain.com.au/21-boisdale-street-surrey-hills-vic-3127-2013349258,,1-2.5-7,3,Feb/2017/3410000.0/SOLD-Sep/2009/1034999.9999999999/SOLD-Nov/2000/353000.0/SOLD,0,0,0,0,0,0,0,0,0,0,0,0,0,0,0,0,0,0,0,0
3-olyve-court-surrey-hills-vic-3127,Surrey Hills,1895000,10-Dec-2016,5,2,2,612,m2,House,https://www.domain.com.au/3-olyve-court-surrey-hills-vic-3127-2013093450,,1-2.5-6.9,3,Dec/2016/1895000.0/SOLD-Apr/2013/856000.0/SOLD-Aug/1992/178000.0/SOLD,0,0,0,0,0,0,0,0,0,0,0,0,0,0,0,0,0,0,0,0
7-newton-street-surrey-hills-vic-3127,Surrey Hills,2400000,25-Nov-2016,5,2,2,1025,m2,House,https://www.domain.com.au/7-newton-street-surrey-hills-vic-3127-2012876320,Air conditioning-Built in wardrobes-Close to schools-Close to shops-Close to transport-Fireplace(s)-Garden-Floorboards-Formal Lounge-Separate Dining-Terrace-Balcony-Wide 23.3m frontage,0.8-2.2-2.6,3,Nov/2016/2400000.0/SOLD-Mar/1998/365000.0/SOLD,0,1,0,1,0,0,1,1,1,0,0,0,0,0,0,1,0,1,0,0
545-whitehorse-road-surrey-hills-vic-3127,Surrey Hills,2450000,25-Jun-2016,5,4,2,1080,m2,House,https://www.domain.com.au/545-whitehorse-road-surrey-hills-vic-3127-2012837009,,0.4-1.7-2.3,3,Jun/2016/2450000.0/SOLD-Oct/1994/262500.0/SOLD,0,0,0,0,0,0,0,0,0,0,0,0,0,0,0,0,0,0,0,0
24-wharton-street-surrey-hills-vic-3127,Surrey Hills,2680000,21-Jun-2016,5,3,2,690,m2,House,https://www.domain.com.au/24-wharton-street-surrey-hills-vic-3127-2012695029,Study,0.2-1.8-2,3,Aug/2021/1800.0/SOLD-Jun/2016/3666000.0/SOLD,0,0,0,0,0,1,0,0,0,0,0,0,0,0,0,0,0,0,0,0
29-boisdale-street-surrey-hills-vic-3127,Surrey Hills,1518000,23-Apr-2016,5,2,1,650,m2,House,https://www.domain.com.au/29-boisdale-street-surrey-hills-vic-3127-2012756137,,1-2.6-7,3,Apr/2016/1518000.0/SOLD-May/2013/1115000.0/SOLD-Aug/1991/240000.0/SOLD,0,0,0,0,0,0,0,0,0,0,0,0,0,0,0,0,0,0,0,0
53-broughton-road-surrey-hills-vic-3127,Surrey Hills,1350000,16-Apr-2016,5,2,2,671,m2,House,https://www.domain.com.au/53-broughton-road-surrey-hills-vic-3127-2012677683,,0.8-2.6-2.8,3,Apr/2016/940.0/SOLD,0,0,0,0,0,0,0,0,0,0,0,0,0,0,0,0,0,0,0,0
265-mont-albert-road-surrey-hills-vic-3127,Surrey Hills,2000000,04-Apr-2016,6,2,2,858,m2,House,https://www.domain.com.au/265-mont-albert-road-surrey-hills-vic-3127-2012626555,,0.3-2-2.1,3,,0,0,0,0,0,0,0,0,0,0,0,0,0,0,0,0,0,0,0,0
6-queen-street-surrey-hills-vic-3127,Surrey Hills,2375000,05-Mar-2016,5,2,3,640,m2,House,https://www.domain.com.au/6-queen-street-surrey-hills-vic-3127-2012585817,,0.4-1.3-2.1,3,Mar/2016/2375000.0/SOLD-Nov/2005/625000.0/SOLD-Nov/1999/240000.0/SOLD,0,0,0,0,0,0,0,0,0,0,0,0,0,0,0,0,0,0,0,0
218-prospect-hill-road-surrey-hills-vic-3127,Surrey Hills,2500008,12-Sep-2015,5,3,2,964,m2,House,https://www.domain.com.au/218-prospect-hill-road-surrey-hills-vic-3127-2012190811,,0.4-1.3-2,3,Sep/2015/2500080.0/SOLD-Aug/1988/330000.0/SOLD-Jul/1987/165000.0/SOLD,0,0,0,0,0,0,0,0,0,0,0,0,0,0,0,0,0,0,0,0
979-riversdale-road-surrey-hills-vic-3127,Surrey Hills,1400000,17-Jul-2015,5,3,3,668,m2,House,https://www.domain.com.au/979-riversdale-road-surrey-hills-vic-3127-2012078247,,0.9-2.3-7.1,3,Jul/2015/1400000.0/SOLD-Apr/1998/285000.0/SOLD-Nov/1995/235000.0/SOLD,0,0,0,0,0,0,0,0,0,0,0,0,0,0,0,0,0,0,0,0
15-chestnut-street-surrey-hills-vic-3127,Surrey Hills,1993000,23-May-2015,6,3,2,845,m2,House,https://www.domain.com.au/15-chestnut-street-surrey-hills-vic-3127-2011933621,,1.4-2.9-2.9,3,May/2015/1993000.0/SOLD-May/1998/429000.0/SOLD-Aug/1994/337000.0/SOLD,0,0,0,0,0,0,0,0,0,0,0,0,0,0,0,0,0,0,0,0
57-croydon-road-surrey-hills-vic-3127,Surrey Hills,2293000,28-Mar-2015,5,2,2,766,m2,House,https://www.domain.com.au/57-croydon-road-surrey-hills-vic-3127-2011806094,,0.6-1.9-2,3,Mar/2015/2293000.0/SOLD-Aug/1981/59000.0/SOLD-Dec/1979/32500.0/SOLD,0,0,0,0,0,0,0,0,0,0,0,0,0,0,0,0,0,0,0,0
35-park-road-surrey-hills-vic-3127,Surrey Hills,1950000,14-Mar-2015,5,4,2,870,m2,House,https://www.domain.com.au/35-park-road-surrey-hills-vic-3127-2011778013,,1.1-3.1-3.1,3,Jul/2015/1950000.0/SOLD-Feb/1987/103000.0/SOLD,0,0,0,0,0,0,0,0,0,0,0,0,0,0,0,0,0,0,0,0
10-leura-street-surrey-hills-vic-3127,Surrey Hills,1782000,15-Feb-2014,5,3,2,975,m2,House,https://www.domain.com.au/10-leura-street-surrey-hills-vic-3127-2010935686,,0.5-1.3-1.8,3,Feb/2014/1782000.0/SOLD-Oct/1992/451000.0/SOLD-Jan/1992/451000.0/SOLD,0,0,0,0,0,0,0,0,0,0,0,0,0,0,0,0,0,0,0,0
29-boisdale-street-surrey-hills-vic-3127,Surrey Hills,1115000,18-May-2013,5,2,1,647,m2,House,https://www.domain.com.au/29-boisdale-street-surrey-hills-vic-3127-2010409330,,1-2.6-7,3,Apr/2016/1518000.0/SOLD-May/2013/1115000.0/SOLD-Aug/1991/240000.0/SOLD,0,0,0,0,0,0,0,0,0,0,0,0,0,0,0,0,0,0,0,0
24-middlesex-road-surrey-hills-vic-3127,Surrey Hills,1660000,13-Oct-2012,5,2,2,924,m2,House,https://www.domain.com.au/24-middlesex-road-surrey-hills-vic-3127-2010002923,,0.6-1.5-1.9,3,Oct/2012/1660000.0/SOLD-Jul/1978/77000.0/SOLD,0,0,0,0,0,0,0,0,0,0,0,0,0,0,0,0,0,0,0,0
7-boronia-street-surrey-hills-vic-3127,Surrey Hills,1178000,04-Aug-2012,7,3,2,836,m2,House,https://www.domain.com.au/7-boronia-street-surrey-hills-vic-3127-2009796461,,0.9-2.7-2.7,3,,0,0,0,0,0,0,0,0,0,0,0,0,0,0,0,0,0,0,0,0
7-verdun-street-surrey-hills-vic-3127,Surrey Hills,1312500,15-Oct-2011,5,2,2,690,m2,House,https://www.domain.com.au/7-verdun-street-surrey-hills-vic-3127-2009240855,,1.1-1.9-2.6,3,Oct/2016/1950000.0/SOLD-Oct/2011/1312500.0/SOLD,0,0,0,0,0,0,0,0,0,0,0,0,0,0,0,0,0,0,0,0
20-everton-grove-surrey-hills-vic-3127,Surrey Hills,2000000,20-May-2011,5,3,2,766,m2,House,https://www.domain.com.au/20-everton-grove-surrey-hills-vic-3127-2008927355,,0.5-2.2-2.8,3,Dec/2016/2630000.0/SOLD-May/2011/2000000.0/SOLD-Aug/2009/1805000.0/SOLD,0,0,0,0,0,0,0,0,0,0,0,0,0,0,0,0,0,0,0,0
12-junction-road-surrey-hills-vic-3127,Surrey Hills,1660000,09-Apr-2011,5,2,2,610,m2,House,https://www.domain.com.au/12-junction-road-surrey-hills-vic-3127-2008876554,,0.7-1.6-1.7,3,Apr/2011/1660000.0/SOLD-Jan/1992/237000.0/SOLD-Oct/1981/44500.0/SOLD,0,0,0,0,0,0,0,0,0,0,0,0,0,0,0,0,0,0,0,0
714-canterbury-road-surrey-hills-vic-3127,Surrey Hills,1701000,19-Mar-2011,5,2,2,1733,m2,House,https://www.domain.com.au/714-canterbury-road-surrey-hills-vic-3127-2008835791,,0.4-2.1-2.8,3,Mar/2011/1701000.0/SOLD-Jul/1999/625000.0/SOLD-Dec/1993/387000.0/SOLD,0,0,0,0,0,0,0,0,0,0,0,0,0,0,0,0,0,0,0,0
225-elgar-road-surrey-hills-vic-3127,Surrey Hills,1037500,26-Jun-2010,5,2,2,854,m2,House,https://www.domain.com.au/225-elgar-road-surrey-hills-vic-3127-2008399719,,1.3-2.9-7.1,3,May/2016/1575000.0/SOLD-Jun/2010/1037500.0000000001/SOLD-Aug/2003/540000.0/SOLD,0,0,0,0,0,0,0,0,0,0,0,0,0,0,0,0,0,0,0,0
